CREATE DATABASE  IF NOT EXISTS `clinicsystem` /*!40100 DEFAULT CHARACTER SET latin1 */ /*!80016 DEFAULT ENCRYPTION='N' */;
USE `clinicsystem`;
-- MySQL dump 10.13  Distrib 8.0.31, for Win64 (x86_64)
--
-- Host: database-1.ckzqkucrjrxv.us-east-1.rds.amazonaws.com    Database: clinicsystem
-- ------------------------------------------------------
-- Server version	8.0.28

/*!40101 SET @OLD_CHARACTER_SET_CLIENT=@@CHARACTER_SET_CLIENT */;
/*!40101 SET @OLD_CHARACTER_SET_RESULTS=@@CHARACTER_SET_RESULTS */;
/*!40101 SET @OLD_COLLATION_CONNECTION=@@COLLATION_CONNECTION */;
/*!50503 SET NAMES utf8 */;
/*!40103 SET @OLD_TIME_ZONE=@@TIME_ZONE */;
/*!40103 SET TIME_ZONE='+00:00' */;
/*!40014 SET @OLD_UNIQUE_CHECKS=@@UNIQUE_CHECKS, UNIQUE_CHECKS=0 */;
/*!40014 SET @OLD_FOREIGN_KEY_CHECKS=@@FOREIGN_KEY_CHECKS, FOREIGN_KEY_CHECKS=0 */;
/*!40101 SET @OLD_SQL_MODE=@@SQL_MODE, SQL_MODE='NO_AUTO_VALUE_ON_ZERO' */;
/*!40111 SET @OLD_SQL_NOTES=@@SQL_NOTES, SQL_NOTES=0 */;
SET @MYSQLDUMP_TEMP_LOG_BIN = @@SESSION.SQL_LOG_BIN;
SET @@SESSION.SQL_LOG_BIN= 0;

--
-- GTID state at the beginning of the backup 
--

SET @@GLOBAL.GTID_PURGED=/*!80000 '+'*/ '';

--
-- Table structure for table `Agendamento`
--

DROP TABLE IF EXISTS `Agendamento`;
/*!40101 SET @saved_cs_client     = @@character_set_client */;
/*!50503 SET character_set_client = utf8mb4 */;
CREATE TABLE `Agendamento` (
  `consulta_id` int NOT NULL,
  `paciente_id` int NOT NULL,
  `recepcionista_funcionario_id` int NOT NULL,
  PRIMARY KEY (`consulta_id`),
  KEY `fk_funcionario_recepcionista_id_idx` (`recepcionista_funcionario_id`),
  KEY `fk_paciente_id_idx` (`paciente_id`),
  CONSTRAINT `fk_consulta_id` FOREIGN KEY (`consulta_id`) REFERENCES `Consulta` (`id`),
  CONSTRAINT `fk_funcionario_recepcionista_id` FOREIGN KEY (`recepcionista_funcionario_id`) REFERENCES `Recepcionista` (`funcionario_id`),
  CONSTRAINT `fk_paciente_id` FOREIGN KEY (`paciente_id`) REFERENCES `Paciente` (`id`)
) ENGINE=InnoDB DEFAULT CHARSET=latin1;
/*!40101 SET character_set_client = @saved_cs_client */;

--
-- Dumping data for table `Agendamento`
--

LOCK TABLES `Agendamento` WRITE;
/*!40000 ALTER TABLE `Agendamento` DISABLE KEYS */;
INSERT INTO `Agendamento` VALUES (1,47,50),(2,42,16),(3,176,88),(4,188,16),(5,189,71),(6,114,54),(7,190,82),(8,171,31),(9,180,49),(10,102,88),(11,29,74),(12,55,31),(13,132,48),(14,63,37),(15,6,74),(16,112,22),(17,42,75),(18,77,88),(19,38,73),(20,96,81),(21,179,100),(22,128,27),(23,21,10),(24,200,72),(25,98,52),(26,155,57),(27,42,72),(28,189,18),(29,113,88),(30,37,21),(31,65,57),(32,165,18),(33,4,24),(34,135,57),(35,114,100),(36,11,65),(37,182,16),(38,15,27),(39,25,12),(40,198,37),(41,172,39),(42,122,6),(43,117,49),(44,84,3),(45,150,74),(46,156,50),(47,164,16),(48,179,73),(49,24,24),(50,2,45),(51,62,49),(52,113,100),(53,13,96),(54,44,92),(55,112,27),(56,118,82),(57,173,81),(58,169,52),(59,45,52),(60,16,57),(61,55,12),(62,95,3),(63,70,16),(64,124,27),(65,151,3),(66,125,93),(67,51,70),(68,62,21),(69,3,27),(70,70,71),(71,97,6),(72,32,64),(73,19,31),(74,91,82),(75,104,22),(76,19,31),(77,3,64),(78,45,82),(79,113,93),(80,56,22),(81,118,74),(82,107,47),(83,196,54),(84,142,48),(85,95,75),(86,186,74),(87,193,100),(88,31,65),(89,173,0),(90,37,31),(91,142,71),(92,173,38),(93,58,74),(94,84,20),(95,135,10),(96,145,39),(97,116,92),(98,118,11),(99,21,12),(100,2,18),(101,164,37),(102,29,0),(103,133,18),(104,190,18),(105,122,16),(106,92,74),(107,130,82),(108,157,28),(109,131,28),(110,70,10),(111,24,38),(112,197,88),(113,127,42),(114,118,10),(115,177,4),(116,83,6),(117,148,73),(118,200,27),(119,66,93),(120,88,100),(121,90,75),(122,11,57),(123,85,4),(124,50,0),(125,128,96),(126,70,9),(127,26,24),(128,182,6),(129,9,64),(130,196,42),(131,20,21),(132,54,48),(133,112,45),(134,90,42),(135,29,49),(136,99,24),(137,38,72),(138,40,39),(139,45,70),(140,96,70),(141,25,93),(142,51,74),(143,176,4),(144,73,18),(145,30,0),(146,157,11),(147,139,24),(148,50,10),(149,88,9),(150,168,48),(151,25,71),(152,192,6),(153,67,21),(154,61,42),(155,15,28),(156,24,16),(157,138,3),(158,141,65),(159,167,0),(160,150,38),(161,89,72),(162,75,81),(163,185,49),(164,81,38),(165,164,70),(166,36,100),(167,141,21),(168,98,100),(169,85,82),(170,29,37),(171,26,18),(172,180,54),(173,190,49),(174,184,31),(175,61,70),(176,151,37),(177,176,73),(178,74,24),(179,58,37),(180,53,73),(181,104,82),(182,177,92),(183,69,52),(184,35,75),(185,48,75),(186,173,37),(187,10,37),(188,55,92),(189,20,72),(190,16,71),(191,200,48),(192,31,50),(193,91,100),(194,94,6),(195,125,28),(196,197,82),(197,108,74),(198,69,88),(199,165,72),(200,2,37),(201,160,24),(202,130,24),(203,180,24),(204,24,20),(205,46,81),(206,4,72),(207,63,27),(208,178,4),(209,139,21),(210,147,12),(211,88,65),(212,103,0),(213,3,75),(214,196,9),(215,125,27),(216,110,95),(217,89,12),(218,165,47),(219,121,16),(220,109,96),(221,79,75),(222,35,20),(223,167,73),(224,180,96),(225,62,9),(226,113,49),(227,129,64),(228,162,42),(229,100,39),(230,32,70),(231,44,45),(232,122,28),(233,132,10),(234,71,80),(235,132,6),(236,199,100),(237,179,92),(238,180,6),(239,176,21),(240,185,82),(241,23,72),(242,100,28),(243,30,9),(244,145,92),(245,162,95),(246,38,64),(247,124,52),(248,57,22),(249,159,22),(250,122,22),(251,29,54),(252,137,24),(253,116,39),(254,23,27),(255,113,49),(256,116,80),(257,1,4),(258,147,95),(259,174,42),(260,105,42),(261,82,70),(262,180,57),(263,154,18),(264,50,11),(265,8,28),(266,119,75),(267,142,48),(268,113,74),(269,129,20),(270,97,95),(271,151,6),(272,99,12),(273,112,20),(274,34,12),(275,187,72),(276,74,80),(277,1,9),(278,129,3),(279,177,54),(280,34,47),(281,115,12),(282,183,6),(283,143,92),(284,29,10),(285,170,0),(286,151,100),(287,176,72),(288,102,31),(289,69,52),(290,167,75),(291,160,11),(292,77,20),(293,171,71),(294,52,81),(295,144,82),(296,143,65),(297,149,74),(298,155,39),(299,34,31),(300,200,12),(301,93,73),(302,63,95),(303,199,10),(304,11,64),(305,20,21),(306,32,27),(307,129,64),(308,156,6),(309,3,79),(310,1,96),(311,94,16),(312,74,21),(313,45,39),(314,26,74),(315,8,18),(316,112,70),(317,41,31),(318,56,31),(319,120,11),(320,135,45),(321,50,42);
/*!40000 ALTER TABLE `Agendamento` ENABLE KEYS */;
UNLOCK TABLES;

--
-- Table structure for table `Consulta`
--

DROP TABLE IF EXISTS `Consulta`;
/*!40101 SET @saved_cs_client     = @@character_set_client */;
/*!50503 SET character_set_client = utf8mb4 */;
CREATE TABLE `Consulta` (
  `id` int NOT NULL,
  `medico_funcionario_id` int NOT NULL,
  `data` date NOT NULL,
  `horario` timestamp NOT NULL,
  `observacao` varchar(100) NOT NULL,
  `valor` varchar(45) NOT NULL,
  `estado_de_pagamento` varchar(45) NOT NULL,
  PRIMARY KEY (`id`),
  KEY `fk_medico_funcionario_id_idx` (`medico_funcionario_id`),
  CONSTRAINT `fk_medico_funcionario_id` FOREIGN KEY (`medico_funcionario_id`) REFERENCES `Medico` (`funcionario_id`)
) ENGINE=InnoDB DEFAULT CHARSET=latin1;
/*!40101 SET character_set_client = @saved_cs_client */;

--
-- Dumping data for table `Consulta`
--

LOCK TABLES `Consulta` WRITE;
/*!40000 ALTER TABLE `Consulta` DISABLE KEYS */;
INSERT INTO `Consulta` VALUES (1,1,'2023-02-24','2023-02-24 20:15:00','Nenhuma','50','Pagamento efetuado'),(2,2,'2023-01-18','2023-01-18 20:00:00','Nenhuma','450','Pendente'),(3,7,'2022-10-16','2022-10-16 10:00:00','Nenhuma','200','Pendente'),(4,8,'2022-01-17','2022-01-17 10:00:00','Nenhuma','350','Pendente'),(5,1,'2023-10-20','2023-10-20 20:15:00','Nenhuma','100','Pagamento efetuado'),(6,2,'2023-01-19','2023-01-19 19:00:00','Nenhuma','100','Pagamento efetuado'),(7,13,'2023-07-29','2023-07-29 17:00:00','Nenhuma','400','Pagamento efetuado'),(8,14,'2023-06-12','2023-06-12 11:20:00','Nenhuma','300','Pendente'),(9,15,'2022-05-01','2022-05-01 14:00:00','Nenhuma','100','Pendente'),(10,17,'2022-12-26','2022-12-26 21:00:00','Nenhuma','300','Pagamento efetuado'),(11,19,'2022-05-02','2022-05-02 08:10:00','Nenhuma','300','Pendente'),(12,23,'2023-09-25','2023-09-25 21:00:00','Nenhuma','350','Pendente'),(13,25,'2023-11-07','2023-11-07 19:00:00','Nenhuma','400','Pagamento efetuado'),(14,26,'2022-11-16','2022-11-16 21:30:00','Nenhuma','400','Pendente'),(15,29,'2022-06-05','2022-06-05 14:00:00','Nenhuma','150','Pendente'),(16,30,'2023-06-10','2023-06-10 13:00:00','Nenhuma','200','Pagamento efetuado'),(17,32,'2023-02-18','2023-02-18 18:00:00','Nenhuma','450','Pagamento efetuado'),(18,33,'2022-03-17','2022-03-17 20:00:00','Nenhuma','450','Pagamento efetuado'),(19,34,'2022-03-22','2022-03-22 10:30:00','Nenhuma','300','Pendente'),(20,35,'2023-09-29','2023-09-29 10:30:00','Nenhuma','100','Pagamento efetuado'),(21,36,'2023-01-14','2023-01-14 07:15:00','Nenhuma','350','Pendente'),(22,40,'2022-04-10','2022-04-10 08:30:00','Nenhuma','400','Pendente'),(23,41,'2022-06-26','2022-06-26 22:00:00','Nenhuma','450','Pendente'),(24,43,'2023-06-12','2023-06-12 13:00:00','Nenhuma','50','Pagamento efetuado'),(25,44,'2022-07-29','2022-07-29 20:15:00','Nenhuma','100','Pagamento efetuado'),(26,46,'2022-05-07','2022-05-07 14:00:00','Nenhuma','150','Pendente'),(27,51,'2022-06-25','2022-06-25 20:00:00','Nenhuma','450','Pagamento efetuado'),(28,53,'2022-10-17','2022-10-17 19:30:00','Nenhuma','100','Pagamento efetuado'),(29,55,'2023-03-10','2023-03-10 17:00:00','Nenhuma','50','Pendente'),(30,56,'2022-03-12','2022-03-12 12:00:00','Nenhuma','400','Pagamento efetuado'),(31,58,'2022-04-09','2022-04-09 09:30:00','Nenhuma','100','Pagamento efetuado'),(32,59,'2023-11-10','2023-11-10 09:30:00','Nenhuma','50','Pagamento efetuado'),(33,60,'2022-09-23','2022-09-23 09:30:00','Nenhuma','400','Pendente'),(34,61,'2022-05-07','2022-05-07 19:30:00','Nenhuma','350','Pagamento efetuado'),(35,62,'2022-05-17','2022-05-17 10:30:00','Nenhuma','350','Pendente'),(36,63,'2023-04-11','2023-04-11 15:20:00','Nenhuma','450','Pagamento efetuado'),(37,66,'2023-08-01','2023-08-01 20:00:00','Nenhuma','350','Pendente'),(38,67,'2022-05-13','2022-05-13 10:00:00','Nenhuma','300','Pendente'),(39,68,'2022-11-04','2022-11-04 10:00:00','Nenhuma','400','Pendente'),(40,69,'2023-06-29','2023-06-29 10:00:00','Nenhuma','200','Pendente'),(41,76,'2022-05-07','2022-05-07 09:30:00','Nenhuma','150','Pendente'),(42,77,'2023-12-02','2023-12-02 12:00:00','Nenhuma','450','Pagamento efetuado'),(43,78,'2022-01-23','2022-01-23 07:15:00','Nenhuma','350','Pagamento efetuado'),(44,83,'2023-08-20','2023-08-20 21:00:00','Nenhuma','100','Pagamento efetuado'),(45,84,'2023-03-16','2023-03-16 11:50:00','Nenhuma','500','Pagamento efetuado'),(46,85,'2023-05-08','2023-05-08 14:00:00','Nenhuma','200','Pendente'),(47,86,'2023-10-12','2023-10-12 12:00:00','Nenhuma','500','Pendente'),(48,87,'2022-06-26','2022-06-26 12:30:00','Nenhuma','200','Pagamento efetuado'),(49,89,'2023-03-22','2023-03-22 17:00:00','Nenhuma','350','Pagamento efetuado'),(50,90,'2023-05-02','2023-05-02 15:20:00','Nenhuma','400','Pendente'),(51,91,'2022-08-26','2022-08-26 16:00:00','Nenhuma','500','Pendente'),(52,94,'2023-02-08','2023-02-08 17:00:00','Nenhuma','300','Pagamento efetuado'),(53,97,'2022-08-13','2022-08-13 15:00:00','Nenhuma','50','Pagamento efetuado'),(54,98,'2023-02-24','2023-02-24 18:50:00','Nenhuma','150','Pendente'),(55,99,'2023-06-07','2023-06-07 08:10:00','Nenhuma','150','Pagamento efetuado'),(56,1,'2022-04-21','2022-04-21 18:30:00','Nenhuma','350','Pagamento efetuado'),(57,1,'2022-09-17','2022-09-17 18:30:00','Nenhuma','200','Pendente'),(58,2,'2023-03-16','2023-03-16 19:00:00','Nenhuma','100','Pagamento efetuado'),(59,7,'2022-11-28','2022-11-28 09:30:00','Nenhuma','500','Pendente'),(60,8,'2023-05-02','2023-05-02 11:00:00','Nenhuma','150','Pagamento efetuado'),(61,13,'2022-07-20','2022-07-20 17:00:00','Nenhuma','300','Pendente'),(62,14,'2023-05-24','2023-05-24 16:50:00','Nenhuma','300','Pendente'),(63,15,'2022-12-27','2022-12-27 11:20:00','Nenhuma','100','Pagamento efetuado'),(64,17,'2022-12-27','2022-12-27 21:00:00','Nenhuma','200','Pendente'),(65,19,'2022-12-09','2022-12-09 12:00:00','Nenhuma','350','Pendente'),(66,23,'2022-06-15','2022-06-15 21:00:00','Nenhuma','150','Pagamento efetuado'),(67,25,'2022-10-20','2022-10-20 18:30:00','Nenhuma','400','Pendente'),(68,26,'2022-12-26','2022-12-26 18:00:00','Nenhuma','150','Pendente'),(69,29,'2023-11-02','2023-11-02 14:00:00','Nenhuma','100','Pagamento efetuado'),(70,30,'2022-02-20','2022-02-20 17:00:00','Nenhuma','200','Pendente'),(71,32,'2022-12-25','2022-12-25 16:00:00','Nenhuma','350','Pendente'),(72,33,'2023-09-11','2023-09-11 19:00:00','Nenhuma','500','Pagamento efetuado'),(73,34,'2023-08-02','2023-08-02 09:30:00','Nenhuma','350','Pagamento efetuado'),(74,35,'2022-05-06','2022-05-06 10:30:00','Nenhuma','150','Pagamento efetuado'),(75,36,'2023-07-28','2023-07-28 09:00:00','Nenhuma','400','Pendente'),(76,40,'2022-04-05','2022-04-05 10:30:00','Nenhuma','300','Pagamento efetuado'),(77,41,'2023-03-27','2023-03-27 22:00:00','Nenhuma','300','Pendente'),(78,43,'2022-09-27','2022-09-27 15:10:00','Nenhuma','300','Pendente'),(79,44,'2023-04-08','2023-04-08 14:30:00','Nenhuma','500','Pagamento efetuado'),(80,46,'2023-03-20','2023-03-20 12:30:00','Nenhuma','50','Pagamento efetuado'),(81,51,'2022-12-21','2022-12-21 19:30:00','Nenhuma','50','Pagamento efetuado'),(82,53,'2022-09-10','2022-09-10 18:30:00','Nenhuma','100','Pendente'),(83,55,'2023-06-27','2023-06-27 22:00:00','Nenhuma','500','Pendente'),(84,56,'2023-03-05','2023-03-05 11:00:00','Nenhuma','200','Pendente'),(85,58,'2023-03-20','2023-03-20 10:00:00','Nenhuma','450','Pagamento efetuado'),(86,59,'2022-08-21','2022-08-21 08:30:00','Nenhuma','350','Pendente'),(87,60,'2023-08-28','2023-08-28 08:10:00','Nenhuma','350','Pagamento efetuado'),(88,61,'2022-07-30','2022-07-30 21:30:00','Nenhuma','300','Pagamento efetuado'),(89,62,'2022-02-02','2022-02-02 10:30:00','Nenhuma','150','Pendente'),(90,63,'2022-07-02','2022-07-02 18:20:00','Nenhuma','300','Pendente'),(91,66,'2022-02-26','2022-02-26 19:00:00','Nenhuma','500','Pendente'),(92,67,'2023-09-30','2023-09-30 08:30:00','Nenhuma','150','Pendente'),(93,68,'2022-06-24','2022-06-24 11:20:00','Nenhuma','350','Pendente'),(94,69,'2023-10-26','2023-10-26 16:00:00','Nenhuma','350','Pagamento efetuado'),(95,76,'2023-11-24','2023-11-24 11:20:00','Nenhuma','350','Pagamento efetuado'),(96,77,'2022-09-30','2022-09-30 11:00:00','Nenhuma','150','Pendente'),(97,78,'2023-11-27','2023-11-27 09:30:00','Nenhuma','50','Pagamento efetuado'),(98,83,'2023-04-26','2023-04-26 18:30:00','Nenhuma','400','Pagamento efetuado'),(99,84,'2023-08-11','2023-08-11 08:10:00','Nenhuma','500','Pagamento efetuado'),(100,85,'2022-09-22','2022-09-22 17:00:00','Nenhuma','400','Pendente'),(101,86,'2023-02-09','2023-02-09 09:30:00','Nenhuma','400','Pagamento efetuado'),(102,87,'2023-07-04','2023-07-04 16:30:00','Nenhuma','50','Pendente'),(103,89,'2022-11-28','2022-11-28 18:30:00','Nenhuma','400','Pendente'),(104,90,'2023-03-17','2023-03-17 18:50:00','Nenhuma','300','Pendente'),(105,91,'2023-03-23','2023-03-23 10:30:00','Nenhuma','100','Pendente'),(106,94,'2022-01-28','2022-01-28 16:30:00','Nenhuma','200','Pagamento efetuado'),(107,97,'2022-10-05','2022-10-05 16:50:00','Nenhuma','100','Pagamento efetuado'),(108,98,'2023-07-22','2023-07-22 14:30:00','Nenhuma','100','Pagamento efetuado'),(109,99,'2023-07-21','2023-07-21 09:00:00','Nenhuma','300','Pagamento efetuado'),(110,1,'2022-04-07','2022-04-07 19:00:00','Nenhuma','50','Pendente'),(111,2,'2023-12-29','2023-12-29 19:30:00','Nenhuma','150','Pendente'),(112,7,'2023-11-20','2023-11-20 09:30:00','Nenhuma','100','Pendente'),(113,8,'2023-10-20','2023-10-20 12:00:00','Nenhuma','300','Pagamento efetuado'),(114,13,'2023-09-23','2023-09-23 15:10:00','Nenhuma','500','Pagamento efetuado'),(115,14,'2022-01-03','2022-01-03 11:15:00','Nenhuma','100','Pendente'),(116,15,'2022-10-25','2022-10-25 11:15:00','Nenhuma','450','Pendente'),(117,17,'2022-04-10','2022-04-10 20:00:00','Nenhuma','150','Pendente'),(118,19,'2022-03-10','2022-03-10 12:00:00','Nenhuma','350','Pagamento efetuado'),(119,23,'2022-12-25','2022-12-25 21:00:00','Nenhuma','200','Pendente'),(120,25,'2023-02-27','2023-02-27 18:30:00','Nenhuma','350','Pendente'),(121,26,'2022-08-08','2022-08-08 14:30:00','Nenhuma','350','Pagamento efetuado'),(122,29,'2023-12-13','2023-12-13 13:00:00','Nenhuma','500','Pagamento efetuado'),(123,30,'2023-10-04','2023-10-04 15:10:00','Nenhuma','300','Pendente'),(124,32,'2022-08-27','2022-08-27 16:00:00','Nenhuma','300','Pagamento efetuado'),(125,33,'2023-07-24','2023-07-24 21:00:00','Nenhuma','150','Pagamento efetuado'),(126,34,'2023-12-27','2023-12-27 16:00:00','Nenhuma','100','Pendente'),(127,35,'2023-02-21','2023-02-21 10:00:00','Nenhuma','350','Pendente'),(128,36,'2023-08-16','2023-08-16 10:00:00','Nenhuma','150','Pendente'),(129,40,'2022-04-14','2022-04-14 16:00:00','Nenhuma','350','Pendente'),(130,41,'2023-04-11','2023-04-11 22:00:00','Nenhuma','300','Pendente'),(131,43,'2023-09-24','2023-09-24 17:00:00','Nenhuma','350','Pendente'),(132,44,'2022-12-12','2022-12-12 19:30:00','Nenhuma','350','Pagamento efetuado'),(133,46,'2022-01-14','2022-01-14 14:00:00','Nenhuma','150','Pagamento efetuado'),(134,51,'2022-06-28','2022-06-28 19:00:00','Nenhuma','200','Pendente'),(135,53,'2023-11-21','2023-11-21 18:20:00','Nenhuma','400','Pendente'),(136,55,'2023-03-29','2023-03-29 18:00:00','Nenhuma','200','Pendente'),(137,56,'2023-06-12','2023-06-12 10:30:00','Nenhuma','50','Pendente'),(138,58,'2023-07-03','2023-07-03 12:00:00','Nenhuma','500','Pendente'),(139,59,'2023-03-02','2023-03-02 16:00:00','Nenhuma','400','Pagamento efetuado'),(140,60,'2022-03-15','2022-03-15 11:00:00','Nenhuma','200','Pendente'),(141,61,'2023-08-08','2023-08-08 20:15:00','Nenhuma','50','Pagamento efetuado'),(142,62,'2023-05-29','2023-05-29 09:30:00','Nenhuma','400','Pendente'),(143,63,'2022-08-25','2022-08-25 15:20:00','Nenhuma','300','Pagamento efetuado'),(144,66,'2022-04-24','2022-04-24 21:00:00','Nenhuma','450','Pendente'),(145,67,'2022-09-12','2022-09-12 10:30:00','Nenhuma','50','Pagamento efetuado'),(146,68,'2022-11-18','2022-11-18 08:30:00','Nenhuma','500','Pagamento efetuado'),(147,69,'2022-08-18','2022-08-18 13:30:00','Nenhuma','100','Pagamento efetuado'),(148,76,'2023-02-10','2023-02-10 08:30:00','Nenhuma','350','Pagamento efetuado'),(149,77,'2022-11-25','2022-11-25 12:00:00','Nenhuma','300','Pagamento efetuado'),(150,78,'2022-12-11','2022-12-11 10:30:00','Nenhuma','350','Pagamento efetuado'),(151,83,'2022-09-13','2022-09-13 20:15:00','Nenhuma','500','Pendente'),(152,84,'2023-04-27','2023-04-27 07:15:00','Nenhuma','50','Pagamento efetuado'),(153,85,'2022-09-26','2022-09-26 13:00:00','Nenhuma','450','Pagamento efetuado'),(154,86,'2023-12-26','2023-12-26 10:30:00','Nenhuma','150','Pagamento efetuado'),(155,87,'2023-08-07','2023-08-07 16:30:00','Nenhuma','150','Pagamento efetuado'),(156,89,'2023-02-05','2023-02-05 20:15:00','Nenhuma','150','Pendente'),(157,90,'2022-12-15','2022-12-15 18:00:00','Nenhuma','150','Pendente'),(158,91,'2022-08-20','2022-08-20 12:20:00','Nenhuma','50','Pagamento efetuado'),(159,94,'2022-11-30','2022-11-30 13:00:00','Nenhuma','100','Pagamento efetuado'),(160,97,'2023-06-07','2023-06-07 14:00:00','Nenhuma','300','Pendente'),(161,98,'2022-12-07','2022-12-07 16:00:00','Nenhuma','100','Pagamento efetuado'),(162,99,'2022-09-15','2022-09-15 10:30:00','Nenhuma','50','Pendente'),(163,1,'2022-01-05','2022-01-05 20:15:00','Nenhuma','400','Pendente'),(164,2,'2023-10-09','2023-10-09 19:30:00','Nenhuma','500','Pendente'),(165,7,'2023-01-03','2023-01-03 08:10:00','Nenhuma','200','Pendente'),(166,8,'2023-07-16','2023-07-16 11:00:00','Nenhuma','300','Pendente'),(167,13,'2023-10-26','2023-10-26 15:10:00','Nenhuma','450','Pagamento efetuado'),(168,14,'2023-10-20','2023-10-20 10:30:00','Nenhuma','200','Pendente'),(169,15,'2023-10-29','2023-10-29 11:20:00','Nenhuma','400','Pagamento efetuado'),(170,17,'2023-11-22','2023-11-22 21:00:00','Nenhuma','350','Pendente'),(171,19,'2022-06-20','2022-06-20 09:30:00','Nenhuma','150','Pagamento efetuado'),(172,23,'2023-08-17','2023-08-17 20:15:00','Nenhuma','300','Pagamento efetuado'),(173,25,'2022-07-23','2022-07-23 20:15:00','Nenhuma','150','Pagamento efetuado'),(174,26,'2023-02-28','2023-02-28 16:00:00','Nenhuma','150','Pagamento efetuado'),(175,29,'2023-11-01','2023-11-01 16:30:00','Nenhuma','50','Pendente'),(176,30,'2022-02-19','2022-02-19 17:00:00','Nenhuma','400','Pagamento efetuado'),(177,32,'2022-05-20','2022-05-20 22:00:00','Nenhuma','450','Pendente'),(178,33,'2023-05-13','2023-05-13 20:15:00','Nenhuma','400','Pagamento efetuado'),(179,34,'2022-03-04','2022-03-04 09:30:00','Nenhuma','450','Pendente'),(180,35,'2022-11-14','2022-11-14 11:50:00','Nenhuma','400','Pendente'),(181,36,'2022-11-21','2022-11-21 08:10:00','Nenhuma','350','Pagamento efetuado'),(182,40,'2023-05-20','2023-05-20 14:00:00','Nenhuma','200','Pendente'),(183,41,'2022-03-08','2022-03-08 14:30:00','Nenhuma','500','Pagamento efetuado'),(184,43,'2023-05-15','2023-05-15 17:00:00','Nenhuma','300','Pagamento efetuado'),(185,44,'2023-10-16','2023-10-16 18:50:00','Nenhuma','500','Pendente'),(186,46,'2022-05-20','2022-05-20 15:10:00','Nenhuma','450','Pendente'),(187,51,'2023-01-06','2023-01-06 19:00:00','Nenhuma','450','Pagamento efetuado'),(188,53,'2023-05-23','2023-05-23 17:00:00','Nenhuma','300','Pendente'),(189,55,'2022-10-06','2022-10-06 20:15:00','Nenhuma','100','Pagamento efetuado'),(190,56,'2023-07-14','2023-07-14 08:10:00','Nenhuma','300','Pendente'),(191,58,'2023-08-23','2023-08-23 08:10:00','Nenhuma','450','Pendente'),(192,59,'2022-04-01','2022-04-01 12:20:00','Nenhuma','350','Pendente'),(193,60,'2023-02-27','2023-02-27 11:50:00','Nenhuma','400','Pagamento efetuado'),(194,61,'2023-08-04','2023-08-04 14:30:00','Nenhuma','400','Pagamento efetuado'),(195,62,'2023-03-20','2023-03-20 11:50:00','Nenhuma','150','Pendente'),(196,63,'2022-12-09','2022-12-09 22:00:00','Nenhuma','450','Pendente'),(197,66,'2023-12-01','2023-12-01 19:00:00','Nenhuma','350','Pendente'),(198,67,'2022-02-26','2022-02-26 13:30:00','Nenhuma','400','Pagamento efetuado'),(199,68,'2023-11-20','2023-11-20 10:30:00','Nenhuma','350','Pagamento efetuado'),(200,69,'2023-01-07','2023-01-07 12:20:00','Nenhuma','400','Pendente'),(201,76,'2022-11-30','2022-11-30 09:00:00','Nenhuma','100','Pendente'),(202,77,'2023-05-09','2023-05-09 10:00:00','Nenhuma','100','Pendente'),(203,78,'2022-08-10','2022-08-10 08:10:00','Nenhuma','150','Pendente'),(204,83,'2022-12-08','2022-12-08 18:30:00','Nenhuma','200','Pendente'),(205,84,'2023-05-03','2023-05-03 09:00:00','Nenhuma','100','Pagamento efetuado'),(206,85,'2023-03-04','2023-03-04 12:30:00','Nenhuma','400','Pagamento efetuado'),(207,86,'2023-08-29','2023-08-29 07:15:00','Nenhuma','400','Pendente'),(208,87,'2023-12-19','2023-12-19 17:00:00','Nenhuma','150','Pendente'),(209,89,'2022-08-15','2022-08-15 15:20:00','Nenhuma','200','Pendente'),(210,90,'2023-08-09','2023-08-09 20:15:00','Nenhuma','50','Pagamento efetuado'),(211,91,'2023-10-12','2023-10-12 12:20:00','Nenhuma','200','Pendente'),(212,94,'2022-03-20','2022-03-20 16:30:00','Nenhuma','50','Pagamento efetuado'),(213,97,'2022-04-27','2022-04-27 16:00:00','Nenhuma','300','Pendente'),(214,98,'2022-01-18','2022-01-18 15:20:00','Nenhuma','50','Pendente'),(215,99,'2023-10-05','2023-10-05 10:00:00','Nenhuma','400','Pendente'),(216,1,'2023-09-13','2023-09-13 19:30:00','Nenhuma','200','Pendente'),(217,2,'2023-09-13','2023-09-13 19:00:00','Nenhuma','400','Pagamento efetuado'),(218,7,'2023-11-14','2023-11-14 09:00:00','Nenhuma','300','Pendente'),(219,8,'2023-02-05','2023-02-05 12:00:00','Nenhuma','150','Pagamento efetuado'),(220,13,'2022-06-09','2022-06-09 15:10:00','Nenhuma','300','Pagamento efetuado'),(221,14,'2023-10-12','2023-10-12 13:30:00','Nenhuma','150','Pendente'),(222,15,'2022-05-13','2022-05-13 16:00:00','Nenhuma','150','Pagamento efetuado'),(223,17,'2023-02-02','2023-02-02 18:30:00','Nenhuma','450','Pendente'),(224,19,'2022-05-05','2022-05-05 11:50:00','Nenhuma','350','Pendente'),(225,23,'2023-08-29','2023-08-29 20:00:00','Nenhuma','150','Pagamento efetuado'),(226,25,'2022-01-04','2022-01-04 18:30:00','Nenhuma','500','Pagamento efetuado'),(227,26,'2022-06-21','2022-06-21 16:00:00','Nenhuma','500','Pendente'),(228,29,'2023-11-24','2023-11-24 13:00:00','Nenhuma','500','Pendente'),(229,30,'2023-12-23','2023-12-23 15:10:00','Nenhuma','200','Pagamento efetuado'),(230,32,'2023-08-05','2023-08-05 15:20:00','Nenhuma','350','Pendente'),(231,33,'2023-12-25','2023-12-25 20:15:00','Nenhuma','300','Pagamento efetuado'),(232,34,'2023-02-17','2023-02-17 13:30:00','Nenhuma','50','Pendente'),(233,35,'2023-01-23','2023-01-23 07:15:00','Nenhuma','450','Pagamento efetuado'),(234,36,'2022-06-27','2022-06-27 12:00:00','Nenhuma','300','Pendente'),(235,40,'2023-03-16','2023-03-16 14:00:00','Nenhuma','150','Pagamento efetuado'),(236,41,'2022-11-21','2022-11-21 14:30:00','Nenhuma','300','Pendente'),(237,43,'2022-02-01','2022-02-01 17:00:00','Nenhuma','200','Pagamento efetuado'),(238,44,'2022-01-12','2022-01-12 14:30:00','Nenhuma','150','Pendente'),(239,46,'2022-10-27','2022-10-27 14:00:00','Nenhuma','300','Pendente'),(240,51,'2023-08-09','2023-08-09 18:30:00','Nenhuma','350','Pendente'),(241,53,'2022-10-28','2022-10-28 18:00:00','Nenhuma','400','Pendente'),(242,55,'2022-02-03','2022-02-03 18:00:00','Nenhuma','100','Pagamento efetuado'),(243,56,'2023-03-09','2023-03-09 08:10:00','Nenhuma','150','Pagamento efetuado'),(244,58,'2023-07-12','2023-07-12 11:00:00','Nenhuma','200','Pagamento efetuado'),(245,59,'2022-07-21','2022-07-21 10:30:00','Nenhuma','500','Pendente'),(246,60,'2023-04-16','2023-04-16 11:50:00','Nenhuma','50','Pagamento efetuado'),(247,61,'2023-04-14','2023-04-14 17:00:00','Nenhuma','500','Pagamento efetuado'),(248,62,'2023-04-12','2023-04-12 12:00:00','Nenhuma','500','Pendente'),(249,63,'2022-01-15','2022-01-15 15:20:00','Nenhuma','350','Pagamento efetuado'),(250,66,'2022-02-26','2022-02-26 20:15:00','Nenhuma','300','Pagamento efetuado'),(251,67,'2022-06-13','2022-06-13 11:15:00','Nenhuma','350','Pagamento efetuado'),(252,68,'2023-06-23','2023-06-23 10:30:00','Nenhuma','500','Pagamento efetuado'),(253,69,'2023-08-16','2023-08-16 09:30:00','Nenhuma','450','Pendente'),(254,76,'2023-06-28','2023-06-28 14:00:00','Nenhuma','150','Pagamento efetuado'),(255,77,'2022-07-25','2022-07-25 08:10:00','Nenhuma','150','Pagamento efetuado'),(256,78,'2023-12-24','2023-12-24 09:00:00','Nenhuma','200','Pendente'),(257,83,'2022-06-25','2022-06-25 18:30:00','Nenhuma','100','Pendente'),(258,84,'2023-04-04','2023-04-04 11:00:00','Nenhuma','100','Pagamento efetuado'),(259,85,'2022-06-11','2022-06-11 12:30:00','Nenhuma','300','Pendente'),(260,86,'2022-04-05','2022-04-05 12:00:00','Nenhuma','300','Pagamento efetuado'),(261,87,'2023-04-09','2023-04-09 16:30:00','Nenhuma','450','Pendente'),(262,89,'2022-04-30','2022-04-30 18:00:00','Nenhuma','450','Pendente'),(263,90,'2023-07-09','2023-07-09 19:30:00','Nenhuma','300','Pagamento efetuado'),(264,91,'2023-09-02','2023-09-02 12:20:00','Nenhuma','150','Pagamento efetuado'),(265,94,'2022-02-12','2022-02-12 14:00:00','Nenhuma','400','Pagamento efetuado'),(266,97,'2022-03-16','2022-03-16 09:30:00','Nenhuma','50','Pagamento efetuado'),(267,98,'2022-10-01','2022-10-01 18:20:00','Nenhuma','400','Pendente'),(268,99,'2023-05-28','2023-05-28 07:15:00','Nenhuma','100','Pagamento efetuado'),(269,1,'2022-10-26','2022-10-26 21:00:00','Nenhuma','400','Pagamento efetuado'),(270,2,'2023-09-23','2023-09-23 18:30:00','Nenhuma','150','Pagamento efetuado'),(271,7,'2022-10-08','2022-10-08 11:50:00','Nenhuma','450','Pagamento efetuado'),(272,8,'2022-01-16','2022-01-16 07:15:00','Nenhuma','500','Pagamento efetuado'),(273,13,'2022-01-08','2022-01-08 15:10:00','Nenhuma','400','Pagamento efetuado'),(274,14,'2022-01-20','2022-01-20 10:00:00','Nenhuma','350','Pagamento efetuado'),(275,15,'2022-10-30','2022-10-30 12:20:00','Nenhuma','50','Pagamento efetuado'),(276,17,'2022-11-21','2022-11-21 19:00:00','Nenhuma','50','Pagamento efetuado'),(277,19,'2023-04-06','2023-04-06 10:30:00','Nenhuma','450','Pendente'),(278,23,'2022-08-15','2022-08-15 18:30:00','Nenhuma','400','Pendente'),(279,25,'2023-02-04','2023-02-04 19:00:00','Nenhuma','150','Pendente'),(280,26,'2023-12-24','2023-12-24 18:20:00','Nenhuma','50','Pendente'),(281,29,'2023-12-16','2023-12-16 13:00:00','Nenhuma','150','Pendente'),(282,30,'2023-02-28','2023-02-28 15:10:00','Nenhuma','50','Pagamento efetuado'),(283,32,'2022-09-25','2022-09-25 13:40:00','Nenhuma','200','Pendente'),(284,33,'2023-02-24','2023-02-24 18:30:00','Nenhuma','350','Pagamento efetuado'),(285,34,'2023-12-18','2023-12-18 14:00:00','Nenhuma','450','Pendente'),(286,35,'2023-11-26','2023-11-26 11:50:00','Nenhuma','350','Pagamento efetuado'),(287,36,'2023-06-05','2023-06-05 12:00:00','Nenhuma','300','Pendente'),(288,40,'2023-10-06','2023-10-06 09:30:00','Nenhuma','400','Pendente'),(289,41,'2023-04-18','2023-04-18 15:20:00','Nenhuma','150','Pendente'),(290,43,'2023-05-01','2023-05-01 15:10:00','Nenhuma','100','Pagamento efetuado'),(291,44,'2022-10-14','2022-10-14 18:50:00','Nenhuma','400','Pagamento efetuado'),(292,46,'2023-08-05','2023-08-05 15:10:00','Nenhuma','500','Pendente'),(293,51,'2022-10-28','2022-10-28 20:15:00','Nenhuma','300','Pendente'),(294,53,'2022-01-20','2022-01-20 19:30:00','Nenhuma','350','Pendente'),(295,55,'2023-04-09','2023-04-09 21:30:00','Nenhuma','100','Pagamento efetuado'),(296,56,'2023-12-19','2023-12-19 12:00:00','Nenhuma','50','Pagamento efetuado'),(297,58,'2023-04-02','2023-04-02 10:00:00','Nenhuma','500','Pendente'),(298,59,'2022-07-02','2022-07-02 16:50:00','Nenhuma','150','Pagamento efetuado'),(299,60,'2023-07-29','2023-07-29 10:30:00','Nenhuma','200','Pagamento efetuado'),(300,61,'2023-09-16','2023-09-16 18:20:00','Nenhuma','500','Pendente'),(301,62,'2023-02-12','2023-02-12 10:00:00','Nenhuma','100','Pagamento efetuado'),(302,63,'2022-08-12','2022-08-12 13:40:00','Nenhuma','350','Pagamento efetuado'),(303,66,'2022-07-07','2022-07-07 21:00:00','Nenhuma','450','Pendente'),(304,67,'2023-08-12','2023-08-12 15:00:00','Nenhuma','100','Pendente'),(305,68,'2022-07-13','2022-07-13 16:50:00','Nenhuma','50','Pagamento efetuado'),(306,69,'2023-10-23','2023-10-23 10:00:00','Nenhuma','450','Pendente'),(307,76,'2022-04-29','2022-04-29 08:30:00','Nenhuma','500','Pagamento efetuado'),(308,77,'2023-02-03','2023-02-03 12:00:00','Nenhuma','100','Pendente'),(309,78,'2023-01-04','2023-01-04 09:30:00','Nenhuma','300','Pagamento efetuado'),(310,83,'2022-06-04','2022-06-04 18:30:00','Nenhuma','200','Pagamento efetuado'),(311,84,'2022-04-01','2022-04-01 09:30:00','Nenhuma','200','Pendente'),(312,85,'2022-05-29','2022-05-29 14:00:00','Nenhuma','200','Pendente'),(313,86,'2022-12-15','2022-12-15 08:10:00','Nenhuma','500','Pagamento efetuado'),(314,87,'2022-12-02','2022-12-02 15:10:00','Nenhuma','350','Pagamento efetuado'),(315,89,'2023-10-07','2023-10-07 18:50:00','Nenhuma','350','Pendente'),(316,90,'2022-12-22','2022-12-22 15:20:00','Nenhuma','300','Pagamento efetuado'),(317,91,'2023-03-18','2023-03-18 10:00:00','Nenhuma','450','Pagamento efetuado'),(318,94,'2023-06-21','2023-06-21 17:00:00','Nenhuma','450','Pendente'),(319,97,'2022-11-02','2022-11-02 14:00:00','Nenhuma','150','Pagamento efetuado'),(320,98,'2023-09-08','2023-09-08 21:30:00','Nenhuma','350','Pagamento efetuado'),(321,99,'2022-07-05','2022-07-05 10:00:00','Nenhuma','100','Pagamento efetuado');
/*!40000 ALTER TABLE `Consulta` ENABLE KEYS */;
UNLOCK TABLES;

--
-- Table structure for table `Funcionario`
--

DROP TABLE IF EXISTS `Funcionario`;
/*!40101 SET @saved_cs_client     = @@character_set_client */;
/*!50503 SET character_set_client = utf8mb4 */;
CREATE TABLE `Funcionario` (
  `id` int NOT NULL,
  `nome` varchar(100) NOT NULL,
  `email` varchar(45) NOT NULL,
  `telefone` varchar(45) NOT NULL,
  `salario` varchar(45) NOT NULL,
  PRIMARY KEY (`id`)
) ENGINE=InnoDB DEFAULT CHARSET=latin1;
/*!40101 SET character_set_client = @saved_cs_client */;

--
-- Dumping data for table `Funcionario`
--

LOCK TABLES `Funcionario` WRITE;
/*!40000 ALTER TABLE `Funcionario` DISABLE KEYS */;
INSERT INTO `Funcionario` VALUES (0,'JOSÉ ARAÚJO MEDEIROS','jose@gmail.com','81900000000','2000'),(1,'ANTONIETA MARIA DA SILVA','antonieta@gmail.com','8190101010','4000'),(2,'PEDRO ANTÔNIO ROBERTO OLIVEIRA','pedro@gmail.com','81988888888','4000'),(3,'JOANA DA SILVA','joao@gmail.com','81912345678','2000'),(4,'CLEITON ROCHA','cleiton@gmail.com','81911111111','2000'),(6,'PAULO LIMA','PA2@gmail.com','8191052149044','2000'),(7,'ROBERTA BRAGANÇA','RO9@gmail.com','819970526064','4000'),(8,'ROBERTA SÁ','RO10@gmail.com','819167982584','4000'),(9,'CLÁUDIO COSTA','CL6@gmail.com','8196498241012','2000'),(10,'JOÃO LIMA','JO5@gmail.com','819354442613','2000'),(11,'AUGUSTO BRAGANÇA','AU0@gmail.com','8190200940010','2000'),(12,'PAULO SILVA','PA7@gmail.com','8197210745239','2000'),(13,'CLÁUDIA OLIVEIRA','CL10@gmail.com','819598886741','4000'),(14,'JOÃO SÁ','JO2@gmail.com','8191390419100','6000'),(15,'PEDRO GONZAGA','PE3@gmail.com','8193212547510','6000'),(16,'AUGUSTO GONZAGA','AU4@gmail.com','81908109910017','2000'),(17,'PIETRA SOUZA','PI8@gmail.com','819044312148','4000'),(18,'ROBERTA GONZAGA','RO5@gmail.com','8190110574672','2000'),(19,'ROBERTA SÁ','RO4@gmail.com','81931055101010310','4000'),(20,'LUIZ GONZAGA','LU5@gmail.com','819952316352','2000'),(21,'MARIA PEREIRA','MA5@gmail.com','8191025669310','2000'),(22,'LUÍSA ALBUQUERQUE','LU3@gmail.com','819910105107110','2000'),(23,'JOÃO LIMA','JO10@gmail.com','819580156577','4000'),(24,'PAULO COSTA','PA7@gmail.com','819243827346','2000'),(25,'PAULO COSTA','PA0@gmail.com','819409541493','4000'),(26,'JOANA GONÇALVES','JO4@gmail.com','81946103181050','6000'),(27,'PEDRO PEREIRA','PE4@gmail.com','819030510467','2000'),(28,'MARCOS GONZAGA','MA0@gmail.com','819256976191','2000'),(29,'PEDRO PEREIRA','PE6@gmail.com','8191072459066','4000'),(30,'MARCOS GONZAGA','MA6@gmail.com','8199510386077','4000'),(31,'PAULO GONÇALVES','PA0@gmail.com','8191041817057','2000'),(32,'CLÁUDIO COSTA','CL4@gmail.com','8198010051434','6000'),(33,'ROBERTA BRAGANÇA','RO2@gmail.com','8194510106721','4000'),(34,'PEDRO BRAGANÇA','PE0@gmail.com','81948108106863','6000'),(35,'PAULO SOUZA','PA7@gmail.com','81973310910084','4000'),(36,'JOANA BRAGANÇA','JO2@gmail.com','819030605826','4000'),(37,'CLÁUDIO COSTA','CL0@gmail.com','819170046088','2000'),(38,'AUGUSTO GONZAGA','AU10@gmail.com','819225610008','2000'),(39,'PEDRO BRAGANÇA','PE9@gmail.com','819778508189','2000'),(40,'MARIA CORREIA','MA4@gmail.com','81910803785210','6000'),(41,'PEDRO CORREIA','PE1@gmail.com','819440467610','6000'),(42,'PEDRO SOUZA','PE3@gmail.com','819910173539','2000'),(43,'MARCOS LIMA','MA1@gmail.com','8194831078870','4000'),(44,'ROBERTO ALBUQUERQUE','RO10@gmail.com','819289261856','6000'),(45,'CLARA OLIVEIRA','CL9@gmail.com','819795101010009','2000'),(46,'PAULO SOUZA','PA8@gmail.com','819547963594','4000'),(47,'AUGUSTO PEREIRA','AU4@gmail.com','819184423437','2000'),(48,'LUIZ LIMA','LU7@gmail.com','8198910104103010','2000'),(49,'VITÓRIA OLIVEIRA','VI9@gmail.com','819328313427','2000'),(50,'CLARA SÁ','CL7@gmail.com','8193610044445','2000'),(51,'VITÓRIA GONÇALVES','VI4@gmail.com','8196579010263','4000'),(52,'JOÃO MELO','JO9@gmail.com','8197093643101','2000'),(53,'CLÁUDIA BRAGANÇA','CL0@gmail.com','819850822215','6000'),(54,'CLARA COSTA','CL8@gmail.com','819827601317','2000'),(55,'PIETRA GONZAGA','PI3@gmail.com','819706174815','6000'),(56,'PAULO ALBUQUERQUE','PA7@gmail.com','8198881082465','4000'),(57,'LUÍSA OLIVEIRA','LU1@gmail.com','8196718106715','2000'),(58,'LUÍSA ALBUQUERQUE','LU9@gmail.com','8193058104110','4000'),(59,'MARIA MELO','MA6@gmail.com','8191106404107','6000'),(60,'AUGUSTO PEREIRA','AU7@gmail.com','81910108846695','4000'),(61,'PIETRA SÁ','PI9@gmail.com','819018479965','6000'),(62,'ROBERTA CORREIA','RO6@gmail.com','8191040080072','4000'),(63,'PEDRO LIMA','PE10@gmail.com','8193787103011','6000'),(64,'JOÃO PEREIRA','JO0@gmail.com','819554713700','2000'),(65,'MARCOS OLIVEIRA','MA1@gmail.com','819076738713','2000'),(66,'ADRIANA LIMA','AD10@gmail.com','819995388303','4000'),(67,'LUIZ GONZAGA','LU10@gmail.com','819264198827','6000'),(68,'AUGUSTO PEREIRA','AU6@gmail.com','8198735109069','6000'),(69,'JOÃO SÁ','JO5@gmail.com','8193495710442','6000'),(70,'CLÁUDIA SÁ','CL5@gmail.com','819103100010406','2000'),(71,'CLÁUDIA GONZAGA','CL3@gmail.com','819286185005','2000'),(72,'JOSÉ GONÇALVES','JO8@gmail.com','819377682315','2000'),(73,'LUIZ BRAGANÇA','LU3@gmail.com','8198108060681','2000'),(74,'PAULO MELO','PA4@gmail.com','819014056460','2000'),(75,'MARIA OLIVEIRA','MA2@gmail.com','8193966101222','2000'),(76,'LUÍSA SILVA','LU2@gmail.com','8190374733510','6000'),(77,'PEDRO SOUZA','PE0@gmail.com','819101002010276','4000'),(78,'PEDRO SÁ','PE9@gmail.com','8192103492399','4000'),(79,'ROBERTO SÁ','RO10@gmail.com','819125080157','2000'),(80,'ADRIANA SÁ','AD3@gmail.com','819131412587','2000'),(81,'PEDRO OLIVEIRA','PE5@gmail.com','819102101020521','2000'),(82,'AUGUSTO SILVA','AU10@gmail.com','819176588536','2000'),(83,'MARCOS CORREIA','MA0@gmail.com','819489706245','4000'),(84,'JOANA GONÇALVES','JO10@gmail.com','819411450156','4000'),(85,'MARCOS BRAGANÇA','MA6@gmail.com','819370869774','4000'),(86,'PEDRO SILVA','PE7@gmail.com','819802298324','4000'),(87,'AUGUSTO SOUZA','AU1@gmail.com','819793974234','4000'),(88,'CLÁUDIA COSTA','CL9@gmail.com','819034549211','2000'),(89,'ANA GONZAGA','AN4@gmail.com','8199183941021','6000'),(90,'CLÁUDIO LIMA','CL4@gmail.com','8194548968105','6000'),(91,'JOSÉ SOUZA','JO0@gmail.com','819078108587','6000'),(92,'VITÓRIA BRAGANÇA','VI7@gmail.com','8191005009825','2000'),(93,'PEDRO PEREIRA','PE7@gmail.com','819882283616','2000'),(94,'PAULO MELO','PA2@gmail.com','8196741402107','4000'),(95,'VITÓRIA CORREIA','VI7@gmail.com','819550871417','2000'),(96,'PEDRO CORREIA','PE6@gmail.com','81905102054105','2000'),(97,'LUIZ GONÇALVES','LU6@gmail.com','8191005568420','6000'),(98,'CLÁUDIO CORREIA','CL3@gmail.com','819102621005108','6000'),(99,'VITÓRIA CORREIA','VI4@gmail.com','819574749583','4000'),(100,'PAULO SÁ','PA5@gmail.com','819729936855','2000');
/*!40000 ALTER TABLE `Funcionario` ENABLE KEYS */;
UNLOCK TABLES;

--
-- Table structure for table `Medico`
--

DROP TABLE IF EXISTS `Medico`;
/*!40101 SET @saved_cs_client     = @@character_set_client */;
/*!50503 SET character_set_client = utf8mb4 */;
CREATE TABLE `Medico` (
  `funcionario_id` int NOT NULL,
  `especialidade` varchar(100) NOT NULL,
  `turno` varchar(45) NOT NULL,
  PRIMARY KEY (`funcionario_id`),
  CONSTRAINT `fk_funcionario_id_` FOREIGN KEY (`funcionario_id`) REFERENCES `Funcionario` (`id`)
) ENGINE=InnoDB DEFAULT CHARSET=latin1;
/*!40101 SET character_set_client = @saved_cs_client */;

--
-- Dumping data for table `Medico`
--

LOCK TABLES `Medico` WRITE;
/*!40000 ALTER TABLE `Medico` DISABLE KEYS */;
INSERT INTO `Medico` VALUES (1,'Urologia','Noite'),(2,'Angiologia','Noite'),(7,'Otorrinolaringogia','Manhã'),(8,'Otorrinolaringogia','Manhã'),(13,'Neurologia','Tarde'),(14,'Psiquiatria','Manhã/Tarde'),(15,'Ginecologia','Manhã/Tarde'),(17,'Urologia','Noite'),(19,'Cardiologia','Manhã'),(23,'Urologia','Noite'),(25,'Psiquiatria','Noite'),(26,'Mastologia','Tarde/Noite'),(29,'Endocrinologia','Tarde'),(30,'Oftalmologia','Tarde'),(32,'Pediatria','Tarde/Noite'),(33,'Endocrinologia','Noite'),(34,'Reumatologia','Manhã/Tarde'),(35,'Dermatologia','Manhã'),(36,'Otorrinolaringogia','Manhã'),(40,'Obstetrícia','Manhã/Tarde'),(41,'Psiquiatria','Tarde/Noite'),(43,'Oftalmologia','Tarde'),(44,'Reumatologia','Tarde/Noite'),(46,'Obstetrícia','Tarde'),(51,'Dermatologia','Noite'),(53,'Psiquiatria','Tarde/Noite'),(55,'Cardiologia','Tarde/Noite'),(56,'Urologia','Manhã'),(58,'Oncologia','Manhã'),(59,'Pediatria','Manhã/Tarde'),(60,'Angiologia','Manhã'),(61,'Cardiologia','Tarde/Noite'),(62,'Psiquiatria','Manhã'),(63,'Neurologia','Tarde/Noite'),(66,'Gastroenterologia','Noite'),(67,'Otorrinolaringogia','Manhã/Tarde'),(68,'Ortopedia','Manhã/Tarde'),(69,'Angiologia','Manhã/Tarde'),(76,'Gastroenterologia','Manhã/Tarde'),(77,'Oftalmologia','Manhã'),(78,'Otorrinolaringogia','Manhã'),(83,'Reumatologia','Noite'),(84,'Oftalmologia','Manhã'),(85,'Ortopedia','Tarde'),(86,'Psiquiatria','Manhã'),(87,'Ortopedia','Tarde'),(89,'Endocrinologia','Tarde/Noite'),(90,'Oncologia','Tarde/Noite'),(91,'Infectologia','Manhã/Tarde'),(94,'Mastologia','Tarde'),(97,'Otorrinolaringogia','Manhã/Tarde'),(98,'Oncologia','Tarde/Noite'),(99,'Mastologia','Manhã');
/*!40000 ALTER TABLE `Medico` ENABLE KEYS */;
UNLOCK TABLES;

--
-- Table structure for table `Paciente`
--

DROP TABLE IF EXISTS `Paciente`;
/*!40101 SET @saved_cs_client     = @@character_set_client */;
/*!50503 SET character_set_client = utf8mb4 */;
CREATE TABLE `Paciente` (
  `id` int NOT NULL,
  `cpf` varchar(45) NOT NULL,
  `nome` varchar(45) NOT NULL,
  `endereco` varchar(45) NOT NULL,
  `email` varchar(45) NOT NULL,
  `telefone` varchar(45) NOT NULL,
  `data_nascimento` varchar(45) NOT NULL,
  `tipo_sanguineo` varchar(45) NOT NULL,
  `alergia` varchar(200) NOT NULL,
  `observacao` varchar(200) NOT NULL,
  `responsavel` varchar(100) NOT NULL,
  PRIMARY KEY (`id`)
) ENGINE=InnoDB DEFAULT CHARSET=latin1;
/*!40101 SET character_set_client = @saved_cs_client */;

--
-- Dumping data for table `Paciente`
--

LOCK TABLES `Paciente` WRITE;
/*!40000 ALTER TABLE `Paciente` DISABLE KEYS */;
INSERT INTO `Paciente` VALUES (1,'92816681989','BRENDA DE OLIVEIRA FEITOSA','Avenida Dois, 1526, Cidade Universitária, Con','BR5@hotmail.com','81925768001','18-08-1976','B-','Corante','Nenhuma','Nenhum'),(2,'37715322000','ROBERTA DA SILVA BORBA','Rua Croácia, 986, Porto, Ilha de Itamaraca, P','RO4@hotmail.com','81953256716','21-02-2005','AB-','Nenhuma','Necessita de acompanhante','BETÂNIA DIAS'),(3,'10105410106107','CLÁUDIO SOUZA MORAES','Avenida Nossa Senhora, 18, Jardins, Petrolina','CL7@outlook.com','81964155798','25-10-1983','AB+','Nenhuma','Necessita de acompanhante','LISÂNGELA DE LIMA GONÇALVES'),(4,'7927100316101','PEDRO MELO','Rua Marrocos, 2870, Várzea, Limoeiro, Pernamb','PE2@yahooo.com','81968983103','09-09-1999','AB+','Neolefrin','Nenhuma','Nenhum'),(5,'49177465176','LUÍSA GOMES','Rua Marrocos, 608, Janga, Chã de Alegria, Per','LU8@hotmail.com','819109461109','10-10-1988','A+','Camarão','Nenhuma','Nenhum'),(6,'8243369210410','PAULO LIMA','Avenida Presidente, 903, Praia, Ilha de Itama','PA1@yahooo.com','819148162195','12-10-1983','AB-','Nenhuma','Nenhuma','Nenhum'),(7,'544603591021','PAULO PORTELLA','Avenida Bem-te-vi, 1452, Sé, Belo Jardim, Per','PA2@outlook.com','819801006115','04-12-2011','A-','Nenhuma','Nenhuma','MATEUS COSTA'),(8,'5101021010771019','CAIO PEREIRA','Rua Marechal, 2415, Santo Amaro, Agua Preta, ','CA4@gmail.com','819989249759','10-04-2019','AB+','Perfumes e remédios com corante','Nenhuma','MARCOS VASCONCELOS'),(9,'146446565010','ARTUR PEIXOTO DA SILVA','Rua Recife, 352, Orla, Belo Jardim, Pernambuc','AR2@outlook.com','81995234010','17-09-2018','O+','Antibióticos sulfonamida','Necessita de acompanhante','MARCOS VASCONCELOS'),(10,'0691107710041','CAROLINA ROCHA','Rua Borborema, 2350, Recanto, Recife, Pernamb','CA1@gmail.com','81991647174','24-12-2003','AB+','Nenhuma','Nenhuma','Nenhum'),(11,'15137551090','CLÁUDIA VASCONCELOS','Rua Rio Branco, 166, Maré, Agua Preta, Pernam','CL1@hotmail.com','81920939291','22-08-1972','AB-','Clonazepam','Nenhuma','Nenhum'),(12,'57743479278','BRENDA SOUZA','Rua Bem-te-vi, 816, Caminho, Arcoverde, Perna','BR3@outlook.com','81941002368','26-11-1983','B+','Tylenol','Nenhuma','Nenhum'),(13,'637108993583','FELIPE MACHADO','Rua Dr. José, 2743, Janga, Joaquim Nabuco  , ','FE3@outlook.com','819330522101','03-01-2012','O+','Corante','Nenhuma','Nenhum'),(14,'10245104301027','LUANA DE OLIVEIRA FEITOSA','Rua Um, 1505, Janga, Chã de Alegria, Pernambu','LU0@outlook.com','81982332200','22-11-1980','AB-','Passiflora','Nenhuma','BRENDA OLIVEIRA'),(15,'1020060535105','MARCELO GONÇALVES','Avenida Croácia, 1362, Leblon, Paulista, Pern','MA4@hotmail.com','81975175860','20-11-2021','B+','Corticóides','Nenhuma','MARCOS OLIVEIRA'),(16,'39075514066','HEITOR CARVALHO','Avenida Dr. José, 1944, Janga, Condado, Perna','HE6@outlook.com','81993985156','08-06-2007','A-','Nenhuma','Nenhuma','Nenhum'),(17,'62065407666','FELIPE BARBOSA','Rua Portugal, 2567, Jardins, Recife, Pernambu','FE9@gmail.com','81925933423','04-09-1975','AB-','Anestésicos','Nenhuma','DIANA BRITO'),(18,'30722120409','ALDERI PORTELLA','Avenida Croácia, 1482, Aurora, Petrolina, Per','AL2@outlook.com','81999035454','03-05-1998','AB-','Artovastina','Nenhuma','BETÂNIA SOUZA MORAES'),(19,'97455729527','CAIO PORTELLA','Avenida Procurador, 1467, Brejo, Palmares, Pe','CA0@gmail.com','81999438508','22-11-1978','B+','Nenhuma','Nenhuma','LUANA DA LIMA VASCONCELOS'),(20,'65694038972','MATEUS CORREIA','Rua Marechal, 349, Rio Doce, Arcoverde, Perna','MA3@yahooo.com','81954325701','20-01-1997','O-','Nimesulida','Paciente prioritário','Nenhum'),(21,'09327548291','BRENDA DIAS','Avenida Cantor Luiz Gonzaga, 1533, Recife, Ab','BR0@hotmail.com','81962847360','22-08-1984','O+','Camarão','Nenhuma','Nenhum'),(22,'1061875351510','CLARA FIGUEIRA','Rua Dois, 2645, Mata, Chã de Alegria, Pernamb','CL9@gmail.com','81970885905','26-02-1992','A+','Passiflora','Nenhuma','Nenhum'),(23,'9210512710614','ADRIANA FRANCISCO','Avenida Marechal, 2235, Mar, Bonito, Pernambu','AD4@gmail.com','81936550234','12-10-2021','A+','Perfumes e remédios com corante','Nenhuma','JOÃO NETTO'),(24,'526868036105','PAULO GONÇALVES','Rua Marrocos, 1513, Paulista, Paulista, Perna','PA0@outlook.com','81939171146','05-10-1990','O-','Perfumes e remédios com corante','Nenhuma','BRUNA CORREIA MENDONÇA'),(25,'20210067106102','CAROLINA VASCONCELOS','Rua Japão, 2169, Água Fria, Nazaré da Mata, P','CA1@gmail.com','81995211097','22-12-2011','O-','Tylenol','Nenhuma','Nenhum'),(26,'837443891102','LUANA FRANCISCO','Rua Argentina, 1936, Mata, Belo Jardim, Perna','LU4@yahooo.com','81994105346','06-07-1979','A-','Paracetamol','Paciente prioritário','Nenhum'),(27,'202560105309','ARTUR GONZAGA','Avenida Beija-flor, 1261, Recife, Arcoverde, ','AR10@yahooo.com','81941015584','10-09-1971','A-','Camarão','Paciente prioritário','Nenhum'),(28,'9986310891087','JOÃO ASSIS','Avenida Bem-te-vi, 2403, Mar, Limoeiro, Perna','JO1@outlook.com','81920997828','11-09-1972','A-','Corticóides','Necessita de acompanhante','Nenhum'),(29,'55919081994','PIETRA SOUZA','Rua João XX, 1169, Rio Doce, Belém de Maria, ','PI0@outlook.com','819934628890','13-09-2020','B+','Amendoim','Paciente prioritário','Nenhum'),(30,'69225403543','DIEGO CORREIA MENDONÇA','Rua Recife, 1400, Rio, Palmares, Pernambuco','DI10@outlook.com','819789041566','18-04-1992','B+','Carbamazepina','Necessita de acompanhante','ROBERTA MARCONDES'),(31,'658610735747','MATEUS XAVIER','Avenida Maestro, 647, Cidade Universitária, N','MA10@hotmail.com','819070532400','05-08-2015','O+','Carbamazepina','Nenhuma','LUIZ OLIVEIRA DA SILVA'),(32,'35541059105105','KARINE CORREIA','Avenida João XX, 2718, Brejo, Santa Cruz, Per','KA8@yahooo.com','8197010218180','30-07-1972','B-','Esomeprazol','Paciente prioritário','Nenhum'),(33,'89327646367','GABRIEL MOURA','Avenida Girassol, 2274, Água Fria, Santa Cruz','GA6@outlook.com','8197901009135','25-10-1979','O+','Morfina','Nenhuma','ROBERTA SOUZA'),(34,'9268510319410','LUÍSA NETTO','Avenida Argentina, 1466, Porto, Arcoverde, Pe','LU4@hotmail.com','819777483293','23-12-1990','A-','Nenhuma','Nenhuma','Nenhum'),(35,'27058202673','BRENDA LIMA','Avenida Cantor Luiz Gonzaga, 2249, Cidade Uni','BR7@outlook.com','81921010947768','21-12-1970','AB-','Nenhuma','Nenhuma','KETLEN NETTO'),(36,'103304388171','ALDERI SOUZA','Avenida Bacalhau, 1784, Paulista, Limoeiro, P','AL5@yahooo.com','819923615796','13-09-1993','A-','Cefalexina','Nenhuma','MOISÉS PORTELLA'),(37,'0104101046623','PIETRA NETTO','Rua Espanha, 406, Centro, São José do Egito, ','PI6@gmail.com','819004945241','11-07-2000','A+','Corticóides','Paciente prioritário','Nenhum'),(38,'420752109393','MARCELO DE OLIVEIRA FEITOSA','Avenida Marechal, 170, Porto, Petrolina, Pern','MA2@gmail.com','8197103229952','28-04-2012','A+','Nenhuma','Nenhuma','Nenhum'),(39,'473467106795','FILIPE PEIXOTO DA SILVA','Rua Nossa Senhora, 2038, Abraço, Ribeirão, Pe','FI1@yahooo.com','819826680865','29-08-1979','O+','Corante de raios X','Necessita de acompanhante','Nenhum'),(40,'45907638257','FELIPA DA LIMA VASCONCELOS','Avenida Encruzilhada, 2425, Abraço, Paulista,','FE6@outlook.com','81912101027098','26-07-1995','AB+','Camarão','Nenhuma','Nenhum'),(41,'1063597301003','MATEUS BORBA','Avenida São Paulo, 312, Leblon, Jaqueira, Per','MA3@yahooo.com','819661010010112','07-01-2004','AB-','Artovastina','Nenhuma','Nenhum'),(42,'211043143651','LUÍSA DA SILVA BORBA','Rua Bem-te-vi, 2347, Parque, Jaqueira, Pernam','LU0@gmail.com','8199564491062','08-06-1992','B-','Omeprazol','Paciente prioritário','Nenhum'),(43,'7072301081002','HEITOR PEREIRA','Avenida Paulista, 2188, Orla, Machados, Perna','HE6@yahooo.com','819598964217','15-09-1970','O-','Cefalexina','Paciente prioritário','FELIPE GOUVEIA'),(44,'87178013826','CARLA SOUZA','Avenida Um, 769, Leblon, Machados, Pernambuco','CA6@hotmail.com','81910744348810','29-01-2019','O+','Passiflora','Nenhuma','ALANA UCHÔA'),(45,'45959346468','JOÃO OLIVEIRA DA SILVA','Rua Nossa Senhora, 1766, Jardins, Chã de Aleg','JO0@gmail.com','819927214899','11-05-1972','AB-','Soja','Nenhuma','Nenhum'),(46,'2101060212196','DIOGO UCHÔA','Rua Presidente, 558, Parque, Jaboatão Dos Gua','DI0@hotmail.com','8191115801089','02-06-1993','AB+','Dicoflenaco','Nenhuma','Nenhum'),(47,'534607290100','FELIPA SÁ','Avenida Olinda, 2443, Várzea, Escada, Pernamb','FE7@gmail.com','8191051635794','05-01-1983','AB-','Tylenol e dipirona','Nenhuma','Nenhum'),(48,'8108658791035','BRENDA CAMARGO','Rua Paulista, 152, Engenho, Jaqueira, Pernamb','BR7@hotmail.com','8194809137410','20-04-1977','A+','Passiflora','Nenhuma','BRUNA DA SILVA OLIVEIRA'),(49,'92025693189','CLÁUDIA ROCHA','Rua Paulista, 1449, Paulista, Limoeiro, Perna','CL4@hotmail.com','819651289659','22-01-1989','A-','Fenitoína','Nenhuma','ARTHUR BORBA'),(50,'8101082184823','GABRIEL UCHÔA','Avenida Procurador, 1875, Leblon, Santa Cruz,','GA8@outlook.com','819188123319','27-07-1995','A-','Cefalexina','Nenhuma','BRUNO PORTELLA'),(51,'1058618932110','BRENDA PEIXOTO DA SILVA','Avenida Girassol, 2543, Mata, Recife, Pernamb','BR8@yahooo.com','819858019703','27-01-1999','AB+','Carbamazepina','Necessita de acompanhante','Nenhum'),(52,'794056101235','CAIO PEIXOTO DA SILVA','Avenida Cantor Luiz Gonzaga, 159, Paulista, A','CA9@yahooo.com','8192210705399','03-06-2010','O-','Soja','Necessita de acompanhante','Nenhum'),(53,'48956416691','ALANA BARBOSA','Rua Margarida, 2895, Casa Caiada, Santa Cruz,','AL8@hotmail.com','8196516210222','16-04-2018','A-','Antibióticos sulfonamida','Necessita de acompanhante','Nenhum'),(54,'133736104005','MOISÉS CARVALHO','Rua Paulista, 87, Casa Caiada, Bonito, Pernam','MO7@yahooo.com','8191437496101','23-04-2006','A+','Leite','Nenhuma','Nenhum'),(55,'11773385143','CLÁUDIO CORREIA','Rua Recife, 2292, Sé, Joaquim Nabuco  , Perna','CL10@gmail.com','8191002498650','11-10-2013','O-','Camarão','Paciente prioritário','Nenhum'),(56,'04550557052','MARCOS MARCONDES','Rua Margarida, 540, Parque, Agua Bela, Pernam','MA4@gmail.com','8196649100335','11-03-2009','B-','Antibióticos sulfonamida','Necessita de acompanhante','Nenhum'),(57,'10102062109962','PIETRA DA SILVA BORBA','Rua Dois, 1867, Rio, Carnaíba Afogados da Ing','PI6@gmail.com','8195672313102','17-03-2010','B-','Corante de raios X','Necessita de acompanhante','Nenhum'),(58,'45746604310','ROBERTO MACHADO','Avenida Professor, 102, Jardins, Palmares, Pe','RO8@outlook.com','819915381388','12-10-1978','O+','Chocolate','Nenhuma','LUANA MELO'),(59,'494252766510','OTÁVIO BEZERRA','Avenida Croácia, 856, Leblon, Jaqueira, Perna','OT10@gmail.com','819985044992','18-09-2006','B+','Lamotrigina','Nenhuma','Nenhum'),(60,'788958103879','AUGUSTO SÁ','Avenida Margarida, 27, Recife, Condado, Perna','AU4@yahooo.com','8190597571810','30-09-1994','A-','Nenhuma','Nenhuma','Nenhum'),(61,'90891324450','ALDERI SOUZA MORAES','Rua Bem-te-vi, 1874, Rio Doce, Ribeirão, Pern','AL7@hotmail.com','8198871724101','29-03-2005','O+','Nenhuma','Nenhuma','CARLA SOUZA'),(62,'34207914930','RUAN BRAGANÇA','Rua Portugal, 812, Centro, Igarassu, Pernambu','RU9@outlook.com','8199861043521','05-01-2021','A+','Cefalexina','Paciente prioritário','AUGUSTO GONÇALVES'),(63,'610069096201','FELIPA XAVIER','Avenida Croácia, 2413, Cidade Universitária, ','FE1@gmail.com','8195198791024','30-04-2016','B+','Nenhuma','Nenhuma','Nenhum'),(64,'108036477770','TÂNIA CORREIA MENDONÇA','Avenida Margarida, 156, Mar, Agua Preta, Pern','TÂ5@hotmail.com','819006782603','17-01-2001','O-','Artovastina','Nenhuma','Nenhum'),(65,'10951061043750','HEITOR DIAS','Rua Bem-te-vi, 545, Aurora, Palmares, Pernamb','HE8@yahooo.com','81930645610107','13-02-2012','O-','Neolefrin','Nenhuma','Nenhum'),(66,'307432171077','ROBERTO OLIVEIRA DA SILVA','Avenida Marrocos, 899, Orla, Agua Bela, Perna','RO3@outlook.com','81971006107178','14-02-1979','AB-','Seki prazol','Nenhuma','GABRIEL PEIXOTO DA SILVA'),(67,'09409737862','JOANA DIAS','Avenida Governador, 1769, Aurora, Joaquim Nab','JO6@hotmail.com','8197050103056','26-06-1988','A+','Carbamazepina','Nenhuma','CAROLINA DA SILVA BORBA'),(68,'222873421006','CLÁUDIO PEREIRA','Rua Dr. José, 697, Várzea, Ribeirão, Pernambu','CL3@yahooo.com','8191244964107','15-04-1994','A-','Artovastina','Nenhuma','Nenhum'),(69,'67431653946','LUANA OLIVEIRA DA SILVA','Rua Presidente, 118, Abraço, Joaquim Nabuco  ','LU3@yahooo.com','8195010855097','19-09-1971','AB+','Nenhuma','Paciente prioritário','BRENO GOUVEIA'),(70,'270810879364','MATEUS CAMARGO','Avenida Encruzilhada, 1507, Rio Doce, Recife,','MA0@hotmail.com','8196567290410','26-02-2011','AB-','Fenitoína','Nenhuma','Nenhum'),(71,'721731027806','ROBERTO ALBUQUERQUE','Rua São Paulo, 709, Aurora, Palmares, Pernamb','RO2@gmail.com','81994033102610','24-08-1999','B+','Clonazepam','Paciente prioritário','AUGUSTO MACHADO'),(72,'2101076140368','LUÍSA PEIXOTO','Avenida Portugal, 2476, Itamaracá, Vicencia, ','LU3@hotmail.com','819975866230','21-08-2003','A+','Antibióticos sulfonamida','Paciente prioritário','Nenhum'),(73,'110338113795','ARTHUR BRITO','Rua Argentina, 308, Mata, Ribeirão, Pernambuc','AR9@yahooo.com','8193740910281','20-03-1973','AB-','Morfina','Nenhuma','AUGUSTO DA SILVA OLIVEIRA'),(74,'28452628582','BRUNA OLIVEIRA','Avenida Marrocos, 2680, Várzea, Escada, Perna','BR10@gmail.com','819814377223','16-09-1982','O+','Passiflora','Necessita de acompanhante','Nenhum'),(75,'291049463297','RAÍSSA PEIXOTO','Rua João XX, 830, Engenho, Paulista, Pernambu','RA8@yahooo.com','819579897305','04-05-1994','AB+','Tylenol e dipirona','Paciente prioritário','Nenhum'),(76,'215876271029','RAÍSSA BRAGANÇA','Rua Encruzilhada, 17, Praia, Pesqueira, Perna','RA2@outlook.com','8194742667107','20-12-1998','O+','Corante de raios X','Necessita de acompanhante','KARINE DIAS'),(77,'362576921097','BRUNO MOURA','Rua Girassol, 488, Vila, Arcoverde, Pernambuc','BR2@outlook.com','8193456210766','23-06-1988','B-','Neomicina','Nenhuma','PEDRO COSTA'),(78,'8071019810120','ARTUR OLIVEIRA','Avenida Rio Branco, 1178, Caminho, Carnaíba A','AR5@outlook.com','81951067106511','11-02-2018','AB-','Nenhuma','Nenhuma','HEITOR OLIVEIRA DA SILVA'),(79,'50910386976','MARIA DE OLIVEIRA FEITOSA','Avenida Bem-te-vi, 751, Santo Amaro, Ilha de ','MA1@hotmail.com','819402810510610','18-07-1984','B+','Antibióticos sulfonamida','Necessita de acompanhante','CARLA FIGUEIRA'),(80,'1021616106151','MATIAS CORREIA','Avenida Argentina, 300, Várzea, Paulista, Per','MA2@yahooo.com','819936643471','14-06-2005','B-','Dicoflenaco','Nenhuma','Nenhum'),(81,'3110651431048','LUIZ MOURA','Rua Margarida, 2777, Centro, Petrolina, Perna','LU8@yahooo.com','819439457532','27-07-1972','A-','Corante de raios X','Nenhuma','Nenhum'),(82,'98653335720','FILIPE PEIXOTO DA SILVA','Rua Girassol, 1935, Reserva, Vicencia, Pernam','FI6@yahooo.com','81974810174101','05-10-2004','O+','Lipanon','Nenhuma','VITÓRIA BRAGANÇA'),(83,'780797100153','FELIPA CORREIA','Rua Croácia, 2233, Água Fria, Limoeiro, Perna','FE8@yahooo.com','819816394955','10-08-1989','O+','Nenhuma','Necessita de acompanhante','VITOR BERNARDO JÚNIOR'),(84,'21376696226','ANA GONZAGA','Avenida Presidente, 2757, Reserva, Paulista, ','AN0@hotmail.com','819198078054','30-06-1996','O+','Lamotrigina','Nenhuma','Nenhum'),(85,'37307059346','MARCOS OLIVEIRA DA SILVA','Rua Rio Branco, 46, Rio, Bonito, Pernambuco','MA9@gmail.com','819123621206','25-04-1979','AB+','Nenhuma','Nenhuma','MATEUS UCHÔA'),(86,'973898904103','PEDRO GONZAGA','Rua São Paulo, 1934, Vila, Pesqueira, Pernamb','PE1@hotmail.com','819887502802','08-01-1976','A-','Omeprazol','Necessita de acompanhante','ARTUR PAULINO VICÊNCIA'),(87,'755179910832','JOANA OLIVEIRA DA SILVA','Rua Rio Branco, 175, Santo Amaro, Igarassu, P','JO2@hotmail.com','819144427026','26-04-1982','A-','Anestésicos','Nenhuma','Nenhum'),(88,'410386851065','FELIPA VASCONCELOS','Avenida Um, 35, Sé, Jaqueira, Pernambuco','FE3@gmail.com','8198711091292','07-01-2006','AB-','Naproxeno','Paciente prioritário','VITÓRIA CARVALHO'),(89,'101678362090','FILIPE ROCHA','Avenida Maestro, 2608, Centro, Santa Cruz, Pe','FI1@outlook.com','8199210528319','27-10-2009','AB+','Anestésicos','Nenhuma','Nenhum'),(90,'47757772283','DIEGO DE OLIVEIRA FEITOSA','Rua Rio Branco, 1898, Paulista, Igarassu, Per','DI2@gmail.com','8191483105096','18-09-2020','A+','Soja','Nenhuma','Nenhum'),(91,'6044651066410','FELIPA FIGUEIRA','Avenida São Paulo, 2776, Reserva, Belém de Ma','FE5@hotmail.com','81910103293035','10-11-2020','AB+','Passiflora','Nenhuma','Nenhum'),(92,'16672523331','BRUNO DE OLIVEIRA FEITOSA','Rua Professor, 2838, Brejo, Chã de Alegria, P','BR5@yahooo.com','81910771210714','22-11-1990','AB+','Lipanon','Nenhuma','Nenhum'),(93,'8110610680759','ARTUR OLIVEIRA','Rua Olinda, 535, Brejo, Belo Jardim, Pernambu','AR9@yahooo.com','8199300105637','16-05-1987','O-','Nenhuma','Necessita de acompanhante','Nenhum'),(94,'104801689334','CAROLINA CAMARGO','Avenida Professor, 1303, Orla, Belo Jardim, P','CA3@hotmail.com','8190064611022','24-08-1974','AB-','Nenhuma','Necessita de acompanhante','Nenhum'),(95,'1089959102442','KARINE COSTA','Avenida Bacalhau, 2270, Centro, Olinda, Perna','KA3@gmail.com','8196107727890','18-03-2008','AB-','Nenhuma','Nenhuma','FILIPE BEZERRA'),(96,'8901010175897','CAROLINA MOURA','Rua Argentina, 2239, Santo Amaro, Vicencia, P','CA10@hotmail.com','81992188101034','08-01-1979','AB-','Morfina','Nenhuma','ARTHUR MELO'),(97,'37530236457','MARCOS OLIVEIRA','Rua Croácia, 337, Parque, Pesqueira, Pernambu','MA0@outlook.com','8198107978206','17-11-2002','A+','Tylenol','Nenhuma','Nenhum'),(98,'4970810104890','JOANA BORBA','Avenida Japão, 126, Engenho, Palmares, Pernam','JO2@yahooo.com','8194669123910','23-01-2004','AB+','Passiflora','Paciente prioritário','ARTUR FRANCISCO'),(99,'556271085741','MATIAS GONÇALVES','Rua João XX, 948, Abraço, Machados, Pernambuc','MA4@outlook.com','8191047695934','24-09-1993','A+','Neolefrin','Necessita de acompanhante','ARTUR FRANCISCO'),(100,'010105970849','MARIA DIAS','Avenida São Paulo, 1076, Recife, Olinda, Pern','MA1@outlook.com','81939101087125','16-04-1998','AB-','Artovastina','Nenhuma','Nenhum'),(101,'91181850455','JOÃO SÁ','Rua Borborema, 1380, Engenho, Paulista, Perna','JO1@hotmail.com','8192107714456','09-07-2006','AB+','Nenhuma','Necessita de acompanhante','CAROLINA BRITO'),(102,'13410105683110','LUANA LIMA','Avenida Margarida, 1890, Caminho, Bonito, Per','LU6@outlook.com','819397018190','08-08-2021','AB+','Carbamazepina','Nenhuma','Nenhum'),(103,'1015710471475','CLÁUDIA OLIVEIRA','Rua Nossa Senhora, 2308, Jardins, Bonito, Per','CL7@hotmail.com','8190721099636','27-09-1974','AB+','Carbamazepina','Nenhuma','Nenhum'),(104,'69838368123','DIEGO PEREIRA','Rua Bacalhau, 1915, Vila, Agua Preta, Pernamb','DI8@gmail.com','8193235699107','11-09-1981','A+','Tadalafila e Pantoprazol','Nenhuma','Nenhum'),(105,'537109960962','CLÁUDIA ASSIS','Avenida Recife, 1225, Recife, Belém de Maria,','CL3@yahooo.com','81982281010332','02-03-1980','B+','Amendoim','Necessita de acompanhante','Nenhum'),(106,'6131029106148','KARINE LIMA','Avenida Croácia, 168, Aurora, Belo Jardim, Pe','KA4@outlook.com','81910828661052','05-01-1994','A-','Camarão','Nenhuma','ADRIANA BARBOSA'),(107,'614104479401','MATIAS CAMARGO','Avenida Rio Branco, 1968, Reserva, Agua Preta','MA9@hotmail.com','819710401501010','19-08-1974','AB+','Artovastina','Nenhuma','Nenhum'),(108,'68245522898','AUGUSTO LIMA','Rua Professor, 201, Janga, São José do Egito,','AU9@yahooo.com','8195910545658','04-09-1997','B-','Perfumes e remédios com corante','Nenhuma','Nenhum'),(109,'28821041826','LUANA MACHADO','Avenida Marechal, 2005, Cidade Universitária,','LU8@yahooo.com','819069375081','20-11-2016','B-','Aspirina','Paciente prioritário','Nenhum'),(110,'1010884122724','RUAN CAMARGO','Rua Maestro, 593, Itamaracá, Pesqueira, Perna','RU6@yahooo.com','819043703094','07-01-1981','AB+','Neolefrin','Nenhuma','Nenhum'),(111,'77609329571','MARCOS ROCHA','Avenida Paulista, 2357, Aurora, Recife, Perna','MA0@outlook.com','819681010102760','13-12-1981','O+','Benzoato','Nenhuma','Nenhum'),(112,'87217656500','ROBERTA BEZERRA','Rua Cantor Luiz Gonzaga, 2598, Cidade Univers','RO6@yahooo.com','81942910100791','13-10-1971','O-','Tadalafila e Pantoprazol','Paciente prioritário','ROBERTO NETTO'),(113,'1031970103393','CLARA BEZERRA','Rua Governador, 553, Rio, Condado, Pernambuco','CL10@outlook.com','81941041035487','03-04-2010','AB+','Soja','Necessita de acompanhante','DIOGO PEIXOTO DA SILVA'),(114,'10542100891510','PIETRA OLIVEIRA','Avenida Um, 700, Sé, Limoeiro, Pernambuco','PI5@hotmail.com','8191094417473','07-02-1976','AB-','Nenhuma','Necessita de acompanhante','AMPARO JOÃO MEDEIROS'),(115,'433271082814','DIOGO ASSIS','Avenida Procurador, 968, Caminho, Abreu e Lim','DI4@outlook.com','819103441093101','20-08-1982','B+','Naproxeno','Nenhuma','Nenhum'),(116,'107396565275','CLARA MACHADO','Rua Argentina, 1187, Mar, Olinda, Pernambuco','CL10@yahooo.com','8198501610818','08-09-1987','A+','Dipirona','Paciente prioritário','Nenhum'),(117,'821003701264','FELIPE SILVA','Avenida Maestro, 2461, Paulista, Carnaíba Afo','FE4@gmail.com','8198909276103','24-07-1974','B+','Benzoato','Nenhuma','Nenhum'),(118,'104036174371','RAÍSSA FIGUEIRA','Avenida João XX, 2474, Santo Amaro, Ribeirão,','RA1@outlook.com','8197931076900','11-12-2009','AB+','Nenhuma','Nenhuma','Nenhum'),(119,'75506127683','RUAN GOMES','Avenida Nossa Senhora, 1531, Janga, Escada, P','RU5@yahooo.com','8199387610110','30-06-1995','AB+','Passiflora','Nenhuma','Nenhum'),(120,'4191071052100','MATIAS SOUZA','Rua Olinda, 2886, Leblon, Agua Bela, Pernambu','MA5@hotmail.com','819527874021','04-08-1995','AB-','Ibuprofeno','Necessita de acompanhante','MARCELO GONZAGA'),(121,'98431018010108','DIANA MOURA','Rua Marrocos, 2339, Paulista, Recife, Pernamb','DI10@hotmail.com','819704789801','15-04-1995','B+','Omeprazol','Nenhuma','Nenhum'),(122,'44549615849','CAIO MACHADO','Rua Dois, 1387, Paulista, Carnaíba Afogados d','CA2@yahooo.com','81910021080805','30-02-1972','AB-','Aspirina','Nenhuma','Nenhum'),(123,'9471082381064','CAIO GONZAGA','Rua Bem-te-vi, 1463, Várzea, Jaboatão Dos Gua','CA2@gmail.com','819431109980','11-11-1989','A+','Seki prazol','Nenhuma','Nenhum'),(124,'52774389646','LUANA FIGUEIRA','Rua Recife, 257, Caminho, Jaqueira, Pernambuc','LU2@outlook.com','81961010904103','19-10-1970','A+','Esomeprazol','Nenhuma','Nenhum'),(125,'437865790710','MARCELO GONZAGA','Avenida Marrocos, 589, Várzea, Agua Bela, Per','MA3@hotmail.com','819880308819','16-06-1989','O-','Neomicina','Nenhuma','Nenhum'),(126,'1003036076106','JOANA MELO','Rua Girassol, 2930, Itamaracá, Bonito, Pernam','JO6@hotmail.com','819288786790','13-03-2000','B-','Passiflora','Nenhuma','Nenhum'),(127,'610264194723','PEDRO DIAS','Rua Argentina, 1988, Cidade Universitária, Sã','PE5@outlook.com','8190474636103','30-10-2006','AB+','Nenhuma','Necessita de acompanhante','OTÁVIO GONZAGA'),(128,'410204035008','GABRIEL MACHADO','Avenida Marrocos, 675, Porto, São José do Egi','GA6@gmail.com','81926101085007','07-04-1973','O+','Corante','Nenhuma','Nenhum'),(129,'89924081218','PAULO SOUZA','Avenida Olinda, 2961, Orla, Olinda, Pernambuc','PA7@hotmail.com','819393618901','13-05-2004','AB-','Paracetamol','Nenhuma','Nenhum'),(130,'868264361065','ALDERI GOMES','Rua Girassol, 2319, Abraço, Belo Jardim, Pern','AL5@hotmail.com','819428856253','07-05-1992','O+','Nenhuma','Necessita de acompanhante','Nenhum'),(131,'575803075410','LAURA GOUVEIA','Rua Professor, 2643, Brejo, Ribeirão, Pernamb','LA9@hotmail.com','819388801190','15-01-2011','AB-','Tadalafila e Pantoprazol','Nenhuma','Nenhum'),(132,'298553510546','ALDERI DA LIMA VASCONCELOS','Rua João XX, 314, Paulista, Arcoverde, Pernam','AL3@outlook.com','8193410598749','03-12-2011','A+','Corticóides','Nenhuma','Nenhum'),(133,'73226031557','MOISÉS VASCONCELOS','Rua Presidente, 2578, Mar, Chã de Alegria, Pe','MO10@gmail.com','819737027366','12-07-1969','O+','Dicoflenaco','Necessita de acompanhante','Nenhum'),(134,'779638486107','MARCOS MACHADO','Avenida Margarida, 1449, Praia, Arcoverde, Pe','MA7@hotmail.com','819413985587','11-11-1973','B+','Nenhuma','Necessita de acompanhante','Nenhum'),(135,'471057573975','AUGUSTO ROCHA','Rua Maestro, 2019, Várzea, Machados, Pernambu','AU0@gmail.com','819025208999','19-11-1975','A-','Naproxeno','Necessita de acompanhante','GABRIEL OLIVEIRA'),(136,'1052248910773','BRUNO VASCONCELOS','Rua Bacalhau, 1082, Água Fria, Nazaré da Mata','BR8@hotmail.com','819061015355','08-05-2005','O-','Dipirona','Nenhuma','Nenhum'),(137,'436350641088','FELIPA CORREIA MENDONÇA','Avenida Beija-flor, 1564, Engenho, Arcoverde,','FE4@outlook.com','819668671010108','14-03-2000','O-','Nenhuma','Necessita de acompanhante','JOANA GONÇALVES DIAS'),(138,'840910092143','BETÂNIA DA SILVA BORBA','Avenida Olinda, 1057, Casa Caiada, Bonito, Pe','BE2@yahooo.com','8194010258631','14-02-2014','AB+','Artovastina','Nenhuma','Nenhum'),(139,'21756415121','DIANA NETTO','Rua Professor, 1416, Aurora, Bonito, Pernambu','DI2@gmail.com','819587045282','18-04-2012','O+','Nenhuma','Necessita de acompanhante','ICARO PAES DE MELLO'),(140,'80550210887','PEDRO OLIVEIRA DA SILVA','Avenida Maestro, 2640, Porto, Agua Preta, Per','PE1@hotmail.com','8196410452149','16-07-1988','AB+','Ibuprofeno','Nenhuma','MATEUS CARVALHO'),(141,'4491010926941','PEDRO ROCHA','Avenida Professor, 1951, Mata, Carnaíba Afoga','PE5@yahooo.com','819831677325','24-03-1997','O+','Tylenol','Paciente prioritário','FELIPE MACHADO'),(142,'185102200144','CLÁUDIA MELO','Rua Japão, 1986, Várzea, Pesqueira, Pernambuc','CL6@gmail.com','8192835410401','10-06-1969','B-','Morfina','Necessita de acompanhante','ELIABE PEREIRA MACEDO'),(143,'174644048110','FILIPE MARCONDES','Avenida Recife, 165, Cidade Universitária, Pa','FI10@hotmail.com','8191410165781','25-09-1971','A-','Naproxeno','Nenhuma','ALDERI VASCONCELOS'),(144,'47200801603','CAIO OLIVEIRA DA SILVA','Rua Bacalhau, 2738, Cidade Universitária, Abr','CA3@gmail.com','819513788164','12-06-1984','B-','Morfina','Nenhuma','Nenhum'),(145,'48698688509','MATEUS CARVALHO','Rua Governador, 2072, Rio Doce, São José do E','MA10@yahooo.com','819858429698','12-12-2011','O-','Camarão','Paciente prioritário','MARCELO BRAGANÇA'),(146,'633810190075','ALANA OLIVEIRA DA SILVA','Rua Argentina, 1865, Recife, Belém de Maria, ','AL2@outlook.com','8199280310738','25-04-2011','O-','Corante','Nenhuma','Nenhum'),(147,'1389416410110','PIETRA MOURA','Avenida Encruzilhada, 929, Abraço, Abreu e Li','PI5@hotmail.com','819748129690','02-02-1988','O+','Nenhuma','Nenhuma','MOISÉS BARBOSA'),(148,'67167997359','CLARA MACHADO','Rua Portugal, 177, Mar, Limoeiro, Pernambuco','CL3@gmail.com','8198810396400','24-10-1985','O+','Nenhuma','Nenhuma','Nenhum'),(149,'14509495267','BETÂNIA SÁ','Avenida Olinda, 529, Leblon, Machados, Pernam','BE9@outlook.com','81910461089218','06-10-2021','O+','Seki prazol','Nenhuma','Nenhum'),(150,'1040320001010','MARIA FRANCISCO','Avenida Marechal, 1446, Jardins, Vicencia, Pe','MA6@outlook.com','819714125584','17-04-1971','O+','Omeprazol','Nenhuma','Nenhum'),(151,'155109469564','CAROLINA BEZERRA','Avenida Paulista, 1930, Reserva, Agua Bela, P','CA4@hotmail.com','8196410774265','15-03-2007','AB-','Nenhuma','Nenhuma','ALDERI SILVA'),(152,'6410105003627','CLARA FIGUEIRA','Rua Professor, 1003, Santo Amaro, Escada, Per','CL6@gmail.com','819094058057','10-03-1998','AB-','Aspirina','Nenhuma','Nenhum'),(153,'47799347522','CAIO OLIVEIRA DA SILVA','Rua Girassol, 2203, Centro, Vicencia, Pernamb','CA1@outlook.com','81910100568165','20-02-1992','O+','Artovastina','Nenhuma','Nenhum'),(154,'8084831061043','OTÁVIO UCHÔA','Rua Paulista, 1090, Paulista, Olinda, Pernamb','OT0@yahooo.com','819640293024','11-12-2001','AB-','Nenhuma','Necessita de acompanhante','JOSÉ GUIMARÃES'),(155,'213611107802','BRUNA DIAS','Avenida Borborema, 2269, Mar, Pesqueira, Pern','BR8@yahooo.com','819795196953','19-03-2007','O-','Corante de raios X','Nenhuma','Nenhum'),(156,'40141824217','KARINE COSTA','Rua Bem-te-vi, 2507, Caminho, Machados, Perna','KA2@yahooo.com','81900341091032','01-01-1976','AB+','Nenhuma','Nenhuma','Nenhum'),(157,'155584910876','ARTUR PEIXOTO','Avenida Bem-te-vi, 1381, Aurora, Nazaré da Ma','AR4@yahooo.com','81979510761510','29-04-1993','O-','Antibióticos','Necessita de acompanhante','BETÂNIA BRAGANÇA'),(158,'103319457825','BETÂNIA CORREIA','Avenida Espanha, 1414, Abraço, Chã de Alegria','BE1@yahooo.com','81910051010139','29-05-1999','B-','Morfina','Nenhuma','Nenhum'),(159,'521016783038','BETÂNIA CARVALHO','Rua Presidente, 14, Maré, Limoeiro, Pernambuc','BE0@gmail.com','8194950993710','26-04-2012','O+','Naproxeno','Necessita de acompanhante','ANA BOURBON MEDEIROS'),(160,'3731037410672','RUAN PEREIRA','Rua Girassol, 2911, Cidade Universitária, Agu','RU6@hotmail.com','819508723283','10-12-2001','AB-','Nenhuma','Nenhuma','Nenhum'),(161,'1621066106630','KARINE MACHADO','Avenida Rio Branco, 2687, Cidade Universitári','KA5@yahooo.com','81910175971103','01-04-2011','A+','Ibuprofeno','Nenhuma','PIETRA OLIVEIRA'),(162,'28016494106','GABRIEL MOURA','Rua Japão, 1307, Centro, Carnaíba Afogados da','GA5@outlook.com','8195711022338','01-09-1998','O+','Corante de raios X','Nenhuma','Nenhum'),(163,'1001075009598','BRUNO GONÇALVES','Avenida Marechal, 1298, Porto, Bonito, Pernam','BR8@gmail.com','819351154068','16-08-2020','B-','Cefalexina','Nenhuma','Nenhum'),(164,'49096308195','LUÍSA CAMARGO','Avenida Bem-te-vi, 1734, Mar, Palmares, Perna','LU6@gmail.com','8195139710293','05-07-2021','B+','Neomicina','Nenhuma','Nenhum'),(165,'019010192413','MARIA PEIXOTO','Rua Marrocos, 972, Casa Caiada, Agua Preta, P','MA3@yahooo.com','819335313942','12-09-2001','A-','Paracetamol','Nenhuma','Nenhum'),(166,'749102554345','HEITOR MELO','Rua Marechal, 1848, Itamaracá, Igarassu, Pern','HE9@hotmail.com','8191099103721010','24-06-1976','A-','Nenhuma','Nenhuma','Nenhum'),(167,'9261410110438','KETLEN BARBOSA','Avenida Portugal, 943, Centro, Palmares, Pern','KE0@hotmail.com','819008664081','04-08-2004','B+','Perfumes e remédios com corante','Nenhuma','Nenhum'),(168,'310528043926','DIOGO PEIXOTO DA SILVA','Avenida Olinda, 2078, Reserva, Palmares, Pern','DI4@hotmail.com','8191543100206','22-07-2000','B+','Aspirina','Paciente prioritário','Nenhum'),(169,'661003496173','RAÍSSA BRAGANÇA','Avenida Cantor Luiz Gonzaga, 2201, Mar, Santa','RA1@hotmail.com','8199110982200','28-02-1995','A+','Corante de raios X','Nenhuma','BRENDA FIGUEIRA'),(170,'76093401210','DIOGO MELO','Rua Espanha, 1851, Brejo, Vicencia, Pernambuc','DI9@outlook.com','819167132840','04-06-2020','O+','Corante de raios X','Necessita de acompanhante','Nenhum'),(171,'01092101046569','DIEGO FIGUEIRA','Avenida Beija-flor, 1756, Cidade Universitári','DI10@yahooo.com','8195047759101','02-03-1987','AB-','Nenhuma','Nenhuma','MOISÉS GOUVEIA'),(172,'92861493134','CAIO VASCONCELOS','Rua Procurador, 2618, Alto, Machados, Pernamb','CA3@yahooo.com','819840839467','15-01-2015','AB-','Antibióticos sulfonamida','Necessita de acompanhante','Nenhum'),(173,'14141568241','CLARA PEREIRA','Avenida Margarida, 1906, Centro, Palmares, Pe','CL0@hotmail.com','8194260039810','02-02-1981','O+','Nenhuma','Necessita de acompanhante','GABRIEL DA SILVA OLIVEIRA'),(174,'8310824645109','LUÍSA GOMES','Rua Presidente, 2473, Vila, Chã de Alegria, P','LU1@gmail.com','8196332792910','26-06-2002','A+','Artovastina','Nenhuma','PEDRO BRITO'),(175,'97543107110410','MARCELO BARBOSA','Rua Argentina, 255, Porto, Santa Cruz, Pernam','MA6@yahooo.com','8193635008510','01-08-1982','O+','Neomicina','Nenhuma','Nenhum'),(176,'26507031049','FILIPE LIMA','Avenida Governador, 1157, Recife, Nazaré da M','FI3@hotmail.com','8191543108440','12-04-1990','AB-','Penicilina','Paciente prioritário','Nenhum'),(177,'549257141075','JOSÉ COSTA','Rua Encruzilhada, 2386, Porto, Petrolina, Per','JO7@yahooo.com','819579785886','23-09-1988','A+','Nimesulida','Nenhuma','JOSÉ ASSIS'),(178,'4108541267410','LAURA DA LIMA VASCONCELOS','Avenida Governador, 1717, Cidade Universitári','LA9@hotmail.com','81965081010612','19-04-1976','AB-','Nimesulida','Nenhuma','Nenhum'),(179,'3103229074108','BRENDA BRITO','Avenida Encruzilhada, 273, Abraço, Belém de M','BR3@outlook.com','819465203237','22-12-1975','B+','Fenitoína','Nenhuma','PIETRA ROCHA'),(180,'12109181010833','BRENDA BRAGANÇA','Avenida Japão, 2484, Água Fria, Condado, Pern','BR3@outlook.com','819951269064','03-02-1972','O-','Lipanon','Paciente prioritário','Nenhum'),(181,'90671114825','DIOGO FRANCISCO','Avenida Marrocos, 1503, Mar, Jaqueira, Pernam','DI9@outlook.com','8199801007467','16-03-1992','B-','Lamotrigina','Paciente prioritário','Nenhum'),(182,'243110400384','LUANA PEIXOTO','Avenida Borborema, 526, Reserva, Chã de Alegr','LU7@gmail.com','81960491106310','14-06-2005','A+','Lamotrigina','Nenhuma','Nenhum'),(183,'10575391024105','MARIA CORREIA','Rua Marrocos, 2274, Jardins, Jaqueira, Pernam','MA7@outlook.com','81916144510810','23-04-1997','B-','Naproxeno','Nenhuma','JOSÉ PORTELLA'),(184,'83714649781','FILIPE BORBA','Avenida Professor, 2853, Porto, Olinda, Perna','FI3@yahooo.com','81970386101104','23-08-2007','AB-','Nimesulida','Nenhuma','ARIADNA VITÓRIA MULLER'),(185,'5103204410109','JOANA FIGUEIRA','Avenida Maestro, 2440, Sé, Nazaré da Mata, Pe','JO10@yahooo.com','8190191671102','12-11-1973','AB-','Nenhuma','Nenhuma','Nenhum'),(186,'98278362163','ANA PEIXOTO','Rua Margarida, 2004, Caminho, São José do Egi','AN6@yahooo.com','819690769170','23-01-1975','B-','Artovastina','Paciente prioritário','Nenhum'),(187,'550510292200','VITÓRIA COSTA','Avenida João XX, 70, Rio Doce, São José do Eg','VI1@gmail.com','8199813410643','01-06-2006','AB-','Advil','Paciente prioritário','Nenhum'),(188,'54320611345','MARIA GONZAGA','Rua Beija-flor, 2889, Porto, Ribeirão, Pernam','MA7@yahooo.com','8192106204857','29-04-2003','A-','Chocolate','Nenhuma','HEITOR PEREIRA'),(189,'6411018672105','BRENDA UCHÔA','Rua Olinda, 863, Itamaracá, Belo Jardim, Pern','BR5@outlook.com','819855164194','04-10-1970','B-','Esomeprazol','Paciente prioritário','Nenhum'),(190,'89546425317','MOISÉS UCHÔA','Avenida Margarida, 714, Água Fria, Recife, Pe','MO6@hotmail.com','8192741106301','18-02-1985','AB-','Neolefrin','Nenhuma','ALANA MACHADO'),(191,'384259433108','ALANA OLIVEIRA','Avenida Bacalhau, 903, Mata, Agua Preta, Pern','AL8@yahooo.com','819265171265','11-04-1983','B-','Camarão','Paciente prioritário','CLARA FRANCISCO'),(192,'61094344406','LUANA BEZERRA','Rua Um, 2362, Cidade Universitária, Chã de Al','LU10@hotmail.com','819679898351','21-11-1992','AB-','Leite','Necessita de acompanhante','DIOGO XAVIER'),(193,'030294411024','BRUNO SOUZA MORAES','Avenida Governador, 2553, Porto, Arcoverde, P','BR6@hotmail.com','81930442105210','01-11-2018','B+','Lamotrigina','Paciente prioritário','Nenhum'),(194,'293174501078','LAURA OLIVEIRA','Avenida Olinda, 2786, Aurora, Limoeiro, Perna','LA2@outlook.com','819517939969','19-08-1988','AB-','Aspirina','Necessita de acompanhante','CLARA XAVIER'),(195,'213810010412','PEDRO GOUVEIA','Rua Procurador, 769, Sé, Palmares, Pernambuco','PE8@gmail.com','8193061910812','13-07-2007','B+','Soja','Nenhuma','DIOGO SENNA'),(196,'310898053164','TÂNIA MACHADO','Rua Governador, 119, Centro, Vicencia, Pernam','TÂ3@hotmail.com','81991095703100','21-02-1989','O+','Benzoato','Necessita de acompanhante','RUAN OLIVEIRA DA SILVA'),(197,'610840296844','PEDRO PEIXOTO DA SILVA','Avenida Cantor Luiz Gonzaga, 1497, Recanto, O','PE4@hotmail.com','819317703436','04-08-2019','A-','Seki prazol','Nenhuma','GABRIEL JESUS VACELLO'),(198,'948210787398','GABRIEL GOMES','Rua Espanha, 1376, Vila, Limoeiro, Pernambuco','GA6@hotmail.com','8198510841231','13-04-1997','B+','Antibióticos sulfonamida','Nenhuma','Nenhum'),(199,'49017740530','CAROLINA PEREIRA','Avenida Cantor Luiz Gonzaga, 8, Brejo, Escada','CA3@gmail.com','8198149401020','11-03-2001','A+','Lipanon','Paciente prioritário','Nenhum'),(200,'990251043608','ROBERTA XAVIER','Avenida Espanha, 397, Caminho, Palmares, Pern','RO2@yahooo.com','8191029330141','07-05-1992','A-','Benzoato','Nenhuma','Nenhum');
/*!40000 ALTER TABLE `Paciente` ENABLE KEYS */;
UNLOCK TABLES;

--
-- Table structure for table `Prontuario`
--

DROP TABLE IF EXISTS `Prontuario`;
/*!40101 SET @saved_cs_client     = @@character_set_client */;
/*!50503 SET character_set_client = utf8mb4 */;
CREATE TABLE `Prontuario` (
  `id` int NOT NULL,
  `paciente_id` int NOT NULL,
  PRIMARY KEY (`id`,`paciente_id`),
  KEY `fk_prontuario_paciente_idx` (`paciente_id`),
  CONSTRAINT `fk_prontuario_paciente` FOREIGN KEY (`paciente_id`) REFERENCES `Paciente` (`id`)
) ENGINE=InnoDB DEFAULT CHARSET=latin1;
/*!40101 SET character_set_client = @saved_cs_client */;

--
-- Dumping data for table `Prontuario`
--

LOCK TABLES `Prontuario` WRITE;
/*!40000 ALTER TABLE `Prontuario` DISABLE KEYS */;
INSERT INTO `Prontuario` VALUES (1,1),(2,2),(3,3),(4,4),(5,5),(6,6),(7,7),(8,8),(9,9),(10,10),(11,11),(12,12),(13,13),(14,14),(15,15),(16,16),(17,17),(18,18),(19,19),(20,20),(21,21),(22,22),(23,23),(24,24),(25,25),(26,26),(27,27),(28,28),(29,29),(30,30),(31,31),(32,32),(33,33),(34,34),(35,35),(36,36),(37,37),(38,38),(39,39),(40,40),(41,41),(42,42),(43,43),(44,44),(45,45),(46,46),(47,47),(48,48),(49,49),(50,50),(51,51),(52,52),(53,53),(54,54),(55,55),(56,56),(57,57),(58,58),(59,59),(60,60),(61,61),(62,62),(63,63),(64,64),(65,65),(66,66),(67,67),(68,68),(69,69),(70,70),(71,71),(72,72),(73,73),(74,74),(75,75),(76,76),(77,77),(78,78),(79,79),(80,80),(81,81),(82,82),(83,83),(84,84),(85,85),(86,86),(87,87),(88,88),(89,89),(90,90),(91,91),(92,92),(93,93),(94,94),(95,95),(96,96),(97,97),(98,98),(99,99),(100,100),(101,101),(102,102),(103,103),(104,104),(105,105),(106,106),(107,107),(108,108),(109,109),(110,110),(111,111),(112,112),(113,113),(114,114),(115,115),(116,116),(117,117),(118,118),(119,119),(120,120),(121,121),(122,122),(123,123),(124,124),(125,125),(126,126),(127,127),(128,128),(129,129),(130,130),(131,131),(132,132),(133,133),(134,134),(135,135),(136,136),(137,137),(138,138),(139,139),(140,140),(141,141),(142,142),(143,143),(144,144),(145,145),(146,146),(147,147),(148,148),(149,149),(150,150),(151,151),(152,152),(153,153),(154,154),(155,155),(156,156),(157,157),(158,158),(159,159),(160,160),(161,161),(162,162),(163,163),(164,164),(165,165),(166,166),(167,167),(168,168),(169,169),(170,170),(171,171),(172,172),(173,173),(174,174),(175,175),(176,176),(177,177),(178,178),(179,179),(180,180),(181,181),(182,182),(183,183),(184,184),(185,185),(186,186),(187,187),(188,188),(189,189),(190,190),(191,191),(192,192),(193,193),(194,194),(195,195),(196,196),(197,197),(198,198),(199,199),(200,200);
/*!40000 ALTER TABLE `Prontuario` ENABLE KEYS */;
UNLOCK TABLES;

--
-- Table structure for table `Recepcionista`
--

DROP TABLE IF EXISTS `Recepcionista`;
/*!40101 SET @saved_cs_client     = @@character_set_client */;
/*!50503 SET character_set_client = utf8mb4 */;
CREATE TABLE `Recepcionista` (
  `funcionario_id` int NOT NULL,
  PRIMARY KEY (`funcionario_id`),
  CONSTRAINT `fk_funcionario_id` FOREIGN KEY (`funcionario_id`) REFERENCES `Funcionario` (`id`)
) ENGINE=InnoDB DEFAULT CHARSET=latin1;
/*!40101 SET character_set_client = @saved_cs_client */;

--
-- Dumping data for table `Recepcionista`
--

LOCK TABLES `Recepcionista` WRITE;
/*!40000 ALTER TABLE `Recepcionista` DISABLE KEYS */;
INSERT INTO `Recepcionista` VALUES (0),(3),(4),(6),(9),(10),(11),(12),(16),(18),(20),(21),(22),(24),(27),(28),(31),(37),(38),(39),(42),(45),(47),(48),(49),(50),(52),(54),(57),(64),(65),(70),(71),(72),(73),(74),(75),(79),(80),(81),(82),(88),(92),(93),(95),(96),(100);
/*!40000 ALTER TABLE `Recepcionista` ENABLE KEYS */;
UNLOCK TABLES;

--
-- Table structure for table `Registro`
--

DROP TABLE IF EXISTS `Registro`;
/*!40101 SET @saved_cs_client     = @@character_set_client */;
/*!50503 SET character_set_client = utf8mb4 */;
CREATE TABLE `Registro` (
  `prontuario_id` int NOT NULL,
  `prontuario_paciente_id` int NOT NULL,
  `medico_funcionario_id` int NOT NULL,
  `observacao` varchar(200) NOT NULL,
  `prescricao` varchar(400) NOT NULL,
  PRIMARY KEY (`prontuario_id`,`prontuario_paciente_id`,`medico_funcionario_id`),
  KEY `fk_Registros_Medico1_idx` (`medico_funcionario_id`),
  CONSTRAINT `fk_Registros_Medico1` FOREIGN KEY (`medico_funcionario_id`) REFERENCES `Medico` (`funcionario_id`),
  CONSTRAINT `fk_Registros_Prontuario1` FOREIGN KEY (`prontuario_id`, `prontuario_paciente_id`) REFERENCES `Prontuario` (`id`, `paciente_id`)
) ENGINE=InnoDB DEFAULT CHARSET=latin1;
/*!40101 SET character_set_client = @saved_cs_client */;

--
-- Dumping data for table `Registro`
--

LOCK TABLES `Registro` WRITE;
/*!40000 ALTER TABLE `Registro` DISABLE KEYS */;
INSERT INTO `Registro` VALUES (1,1,19,'Paciente com deficiência de vitaminas','Colonoscopia'),(1,1,83,'NENHUMA OBSERVAÇÃO','Raio-x da perna esquerda'),(2,2,69,'H3N2','Ingestão de alimentos sem corantes artificiais'),(2,2,85,'PACIENTE COM QUEDA DE HEMÁCIAS','Ingestão de 2,5L mínimos de água diariamente'),(2,2,90,'PACIENTE DIAGNOSTICADO COM MININGITE','Colírio lubrificante de 8 em 8 h'),(3,3,29,'NENHUMA OBSERVAÇÃO','Sem prescrições'),(3,3,41,'FEBRE','Ibuprofeno de 8 em 8h'),(3,3,78,'PACIENTE SAUDÁVEL','Ingestão de 2,5L mínimos de água diariamente'),(3,3,97,'PACIENTE COM DERMATITE','Ultrassom da panturrilha direta'),(4,4,60,'FEBRE AMARELA','Recomendação da relização de exames de sangue de rotina'),(4,4,85,'PACIENTE DIAGNOSTICADO COM MININGITE','Ingestão de 2,5L mínimos de água diariamente'),(6,6,29,'Paciente imunodeprimido','Não realizar esforço físico até a cicatrização e retirada dos pontos'),(8,8,89,'PACIENTE COM DERMATITE','Recomendação da relização de exames de sangue de rotina'),(8,8,94,'HIPOGLICEMIA','Receita de Rivotril'),(9,9,40,'HIPOGLICEMIA','Sem prescrições'),(10,10,51,'DENGUE','Tumografia'),(11,11,29,'Paciente iniciando tratamento com antibióticos','Raio-x da perna esquerda'),(11,11,63,'PACIENTE COM DERMATITE','Ingestão de comprimidos de colecalciferol 15.000 UI a cada 7 dias por 3 meses'),(11,11,67,'PACIENTE EM TRATAMENTO','Repouso e uso de passiflora'),(13,13,97,'Paciente com infecção bacteriana não identificada','Paracetamol a cada 8h ou em caso de dor forte'),(15,15,67,'PACIENTE COM INCHAÇO NA REGIÃO DO FÍGADO','Evitar alimentos gordurosos'),(15,15,87,'PACIENTE DIAGNOSTICADO COM TUMOR BENIGNO','Raio-x da perna esquerda'),(16,16,8,'Paciente com redução da pressão arterial','Receita de Rivotril'),(16,16,56,'HIPOGLICEMIA','Realização de teste de COVID-19'),(19,19,34,'Paciente com infecção bacteriana não identificada','Receita de Cefalexina'),(19,19,40,'H3N2','Ingestão de 2,5L mínimos de água diariamente'),(20,20,43,'PACIENTE EM TRATAMENTO','Sem prescrições'),(20,20,55,'NENHUMA OBSERVAÇÃO','Ingestão de comprimidos de colecalciferol 15.000 UI a cada 7 dias por 3 meses'),(20,20,68,'PACIENTE COM QUEDA DE HEMÁCIAS','Raio-x completo'),(21,21,41,'NENHUMA OBSERVAÇÃO','Raio-x da perna esquerda'),(21,21,84,'Paciente com queixa de dores constantes na cabeça','Ingestão de alimentos pastosos'),(23,23,53,'NENHUMA OBSERVAÇÃO','Ultrassom da região do estômago'),(23,23,76,'Paciente com incômodo intestinal','Ultrassom da córnea'),(24,24,2,'Paciente com dores musculares constantes','Ultrassom da córnea'),(24,24,83,'PACIENTE COM QUADRO DE ANSIEDADE GRAVE','Receita de Rivotril'),(24,24,89,'H3N2','Afastamento de atividades laborais por 3 dias'),(25,25,61,'PACIENTE COM DERMATITE','Multigripe, nimesulida, soro fisiológico'),(25,25,68,'NENHUMA OBSERVAÇÃO','Paracetamol a cada 8h ou em caso de dor forte'),(25,25,83,'PACIENTE DIAGNOSTICADO COM HEPATITE A','Sem prescrições'),(26,26,19,'HIPOGLICEMIA','Ultrassom da panturrilha direta'),(26,26,35,'PACIENTE AFIRMA REALIZAR O USO DE MEDICAMENTOS CONTROLADOS','Ingestão de alimentos pastosos'),(26,26,87,'PACIENTE COM QUADRO DE FATURA NO ANTEBRAÇO','Repouso absoluto e ingestão de alimentos pastosos'),(29,29,17,'PACIENTE SEM SINAIS DE COMORBIDADES','Ingestão de alimentos pastosos'),(29,29,19,'PACIENTE AFIRMA REALIZAR O USO DE MEDICAMENTOS CONTROLADOS','Colírio lubrificante de 8 em 8 h'),(29,29,33,'FEBRE','Não realizar esforço físico até a cicatrização e retirada dos pontos'),(29,29,53,'Paciente com incômodo intestinal','Tumografia'),(29,29,67,'Paciente com deficiência de vitaminas','Não realizar esforço físico até a cicatrização e retirada dos pontos'),(29,29,87,'PACIENTE COM INCHAÇO NA REGIÃO DO FÍGADO','Realização de teste de COVID-19'),(30,30,56,'Paciente iniciando tratamento com antibióticos','Colírio lubrificante de 8 em 8 h'),(30,30,67,'Paciente com infecção fúngica','Ingestão de frutas ricas em fibras'),(31,31,59,'PACIENTE EM TRATAMENTO','Ibuprofeno de 8 em 8h'),(31,31,61,'PACIENTE SAUDÁVEL. TAXAS DENTRO DOS NÍVEIS NORMAIS','Evitar alimentos gordurosos'),(32,32,32,'Paciente iniciando tratamento com antibióticos','Trocar o curativo de forma periódica'),(32,32,33,'PACIENTE AFIRMA REALIZAR O USO DE MEDICAMENTOS CONTROLADOS','Sem prescrições'),(32,32,69,'DENGUE','Sem prescrições'),(34,34,14,'PACIENTE COM QUADRO DE FATURA NO ANTEBRAÇO','Não realizar esforço físico até a cicatrização e retirada dos pontos'),(34,34,26,'Paciente com dores musculares constantes','Ingestão de comprimidos de colecalciferol 15.000 UI a cada 7 dias por 3 meses'),(34,34,60,'PACIENTE SAUDÁVEL. TAXAS DENTRO DOS NÍVEIS NORMAIS','Sem prescrições'),(35,35,15,'FEBRE AMARELA','Raio-x da perna esquerda'),(35,35,43,'NENHUMA OBSERVAÇÃO','Soro fisiológico'),(36,36,8,'PACIENTE AFIRMA REALIZAR O USO DE MEDICAMENTOS CONTROLADOS','Não realizar esforço físico até a cicatrização e retirada dos pontos'),(37,37,56,'PACIENTE AFIRMA REALIZAR O USO DE MEDICAMENTOS CONTROLADOS','Ingestão de alimentos pastosos'),(37,37,63,'Paciente com deficiência de vitaminas','Sem prescrições'),(38,38,34,'PACIENTE SAUDÁVEL. TAXAS DENTRO DOS NÍVEIS NORMAIS','Dipirona 10mg'),(38,38,56,'FEBRE','Tumografia'),(38,38,60,'Paciente com queixa de dores constantes na cabeça','Ingestão de alimentos sem corantes artificiais'),(40,40,58,'Paciente imunodeprimido','Ultrassom da panturrilha direta'),(41,41,91,'PACIENTE COM QUADRO DE FATURA NO ANTEBRAÇO','Raio-x completo'),(42,42,2,'PACIENTE COM QUADRO DE ANSIEDADE GRAVE','Ultrassom da região do estômago'),(42,42,32,'NENHUMA OBSERVAÇÃO','Sem prescrições'),(42,42,51,'PACIENTE DIAGNOSTICADO COM HEPATITE A','Ingestão de alimentos pastosos'),(44,44,33,'HIPOGLICEMIA','Raio-x completo'),(44,44,98,'NENHUMA OBSERVAÇÃO','Ultrassom da tireóide'),(45,45,7,'PACIENTE DIAGNOSTICADO COM MININGITE','Receita de Cefalexina'),(45,45,43,'PACIENTE DIAGNOSTICADO COM MININGITE','Trocar o curativo de forma periódica'),(45,45,59,'NENHUMA OBSERVAÇÃO','Raio-x da perna direita'),(45,45,86,'PACIENTE EM TRATAMENTO','Ultrassom da córnea'),(46,46,84,'PACIENTE DIAGNOSTICADO COM HEPATITE A','Raio-x da perna direita'),(47,47,1,'PACIENTE COM QUADRO DE FATURA NO ANTEBRAÇO','Raio-x da perna direita'),(48,48,44,'Paciente com dores musculares constantes','Ingestão de alimentos sem corantes artificiais'),(50,50,32,'H3N2','Repouso absoluto e ingestão de alimentos pastosos'),(50,50,76,'PACIENTE COM TAXAS DENTRO DO ACEITÁVEL','Sem prescrições'),(50,50,91,'Paciente com incômodo intestinal','Multigripe, nimesulida, soro fisiológico'),(50,50,99,'PACIENTE AFIRMA REALIZAR O USO DE MEDICAMENTOS CONTROLADOS','Ultrassom da córnea'),(51,51,25,'PACIENTE SAUDÁVEL','Repouso e uso de passiflora'),(51,51,62,'AUMENTO DO RITMO CARDÍACO','Ultrassom da panturrilha direta'),(52,52,53,'H3N2','Sem prescrições'),(53,53,35,'Paciente imunodeprimido','Sem prescrições'),(54,54,44,'Paciente com infecção bacteriana','Alimentação rica em vitamina K'),(55,55,13,'Paciente com infecção fúngica','Ingestão de alimentos sem corantes artificiais'),(55,55,23,'PACIENTE COM QUEDA DE HEMÁCIAS','Soro fisiológico'),(55,55,53,'NENHUMA OBSERVAÇÃO','Alimentação rica em vitamina K'),(56,56,46,'NENHUMA OBSERVAÇÃO','Recomendação da relização de exames de sangue de rotina'),(56,56,94,'DENGUE','Repouso absoluto e ingestão de alimentos pastosos'),(57,57,62,'Paciente com infecção fúngica','Sem prescrições'),(58,58,34,'NENHUMA OBSERVAÇÃO','Afastamento de atividades laborais por 5 dias'),(58,58,68,'FEBRE','Evitar alimentos gordurosos'),(61,61,29,'Paciente com infecção bacteriana','Recomendação da relização de exames de sangue de rotina'),(61,61,86,'ZIKA VÍRUS','Ingestão de alimentos pastosos'),(62,62,23,'FEBRE AMARELA','Realização de teste de COVID-19'),(62,62,26,'Paciente com redução da pressão arterial','Ingestão de comprimidos de colecalciferol 15.000 UI a cada 7 dias por 3 meses'),(62,62,91,'PACIENTE EM TRATAMENTO','Soro fisiológico'),(63,63,26,'Paciente com queixa de dores constantes na cabeça','Uso de Enterogermina. Seguir rotina proposta na bula do medicamento'),(63,63,63,'COVID-19','Trocar o curativo de forma periódica'),(63,63,86,'PACIENTE COM TAXAS DENTRO DO ACEITÁVEL','Raio-x da perna direita'),(65,65,58,'PACIENTE COM QUADRO DE FATURA NO ANTEBRAÇO','Afastamento de atividades laborais por 3 dias'),(66,66,23,'Paciente com sintomas gripais','Alimentação rica em vitamina K'),(67,67,85,'AUMENTO DO RITMO CARDÍACO','Receita de Rivotril'),(69,69,41,'AUMENTO DO RITMO CARDÍACO','Raio-x da perna direita'),(69,69,67,'Paciente iniciando tratamento com antibióticos','Raio-x da perna esquerda'),(70,70,1,'Paciente com infecção bacteriana não identificada','Ingestão de frutas ricas em fibras'),(70,70,15,'FEBRE','Repouso e uso de passiflora'),(70,70,30,'PACIENTE SEM SINAIS DE COMORBIDADES','Raio-x da perna esquerda'),(70,70,34,'COVID-19','Repouso e uso de passiflora'),(71,71,36,'PACIENTE DIAGNOSTICADO COM HEPATITE A','Soro fisiológico'),(73,73,66,'PACIENTE AFIRMA REALIZAR O USO DE MEDICAMENTOS CONTROLADOS','Realização de teste de COVID-19'),(74,74,17,'PACIENTE COM TAXAS DENTRO DO ACEITÁVEL','Ingestão de comprimidos de colecalciferol 15.000 UI a cada 7 dias por 3 meses'),(74,74,33,'PACIENTE COM QUADRO DE ANSIEDADE GRAVE','Raio-x completo'),(74,74,85,'NENHUMA OBSERVAÇÃO','Sem prescrições'),(75,75,99,'Paciente com queixa de dores constantes na cabeça','Ultrassom da tireóide'),(77,77,33,'PACIENTE SEM SINAIS DE COMORBIDADES','Dipirona 10mg'),(77,77,46,'NENHUMA OBSERVAÇÃO','Evitar alimentos gordurosos'),(79,79,14,'PACIENTE COM TAXAS DENTRO DO ACEITÁVEL','Raio-x da perna direita'),(81,81,2,'PACIENTE DIAGNOSTICADO COM MININGITE','Receita de Rivotril'),(82,82,87,'PACIENTE COM QUEDA DE HEMÁCIAS','Raio-x da perna esquerda'),(83,83,15,'PACIENTE COM QUADRO DE ANSIEDADE GRAVE','Trocar o curativo de forma periódica'),(84,84,69,'PACIENTE DIAGNOSTICADO COM MININGITE','Receita de Rivotril'),(84,84,83,'PACIENTE COM INCHAÇO NA REGIÃO DO FÍGADO','Ultrassom da região do estômago'),(85,85,15,'PACIENTE COM QUADRO DE ANSIEDADE GRAVE','Alimentação rica em vitamina K'),(85,85,30,'PACIENTE AFIRMA REALIZAR O USO DE MEDICAMENTOS CONTROLADOS','Colírio lubrificante de 8 em 8 h'),(88,88,25,'PACIENTE COM QUEDA DE HEMÁCIAS','Ultrassom da córnea'),(88,88,77,'NENHUMA OBSERVAÇÃO','Trocar o curativo de forma periódica'),(88,88,91,'PACIENTE DIAGNOSTICADO COM HEPATITE A','Sem prescrições'),(89,89,2,'PACIENTE COM QUADRO DE ANSIEDADE GRAVE','Realização de teste de COVID-19'),(89,89,98,'PACIENTE COM QUADRO DE ANSIEDADE GRAVE','Realização de teste de COVID-19'),(90,90,26,'Paciente com queixa de dores constantes na cabeça','Afastamento de atividades laborais por 5 dias'),(90,90,51,'PACIENTE COM TAXAS DENTRO DO ACEITÁVEL','Soro fisiológico'),(91,91,35,'PACIENTE DIAGNOSTICADO COM HEPATITE A','Sem prescrições'),(91,91,60,'Paciente com infecção bacteriana não identificada','Raio-x da perna esquerda'),(92,92,94,'PACIENTE COM TAXAS DENTRO DO ACEITÁVEL','Sem prescrições'),(93,93,62,'Paciente imunodeprimido','Soro fisiológico'),(94,94,61,'PACIENTE AFIRMA REALIZAR O USO DE MEDICAMENTOS CONTROLADOS','Ingestão de comprimidos de colecalciferol 15.000 UI a cada 7 dias por 3 meses'),(94,94,84,'PACIENTE SAUDÁVEL. TAXAS DENTRO DOS NÍVEIS NORMAIS','Alimentação rica em vitamina K'),(95,95,14,'PACIENTE DIAGNOSTICADO COM TUMOR BENIGNO','Multigripe, nimesulida, soro fisiológico'),(95,95,58,'Paciente com infecção bacteriana não identificada','Não realizar esforço físico até a cicatrização e retirada dos pontos'),(96,96,35,'DOR NA PANTURRILHA ESQUERDA','Uso de Enterogermina. Seguir rotina proposta na bula do medicamento'),(96,96,60,'PACIENTE COM TAXAS DENTRO DO ACEITÁVEL','Evitar alimentos gordurosos'),(97,97,2,'NENHUMA OBSERVAÇÃO','Raio-x da perna direita'),(97,97,32,'PACIENTE COM INCHAÇO NA REGIÃO DO FÍGADO','Ultrassom da córnea'),(98,98,14,'NENHUMA OBSERVAÇÃO','Sem prescrições'),(98,98,44,'PACIENTE DIAGNOSTICADO COM TUMOR BENIGNO','Sem prescrições'),(99,99,8,'NENHUMA OBSERVAÇÃO','Sem prescrições'),(99,99,55,'PACIENTE COM QUADRO DE ANSIEDADE GRAVE','Colírio lubrificante de 8 em 8 h'),(100,100,30,'NENHUMA OBSERVAÇÃO','Afastamento de atividades laborais por 5 dias'),(100,100,55,'Paciente imunodeprimido','Dipirona 10mg'),(102,102,17,'Paciente com infecção bacteriana não identificada','Raio-x da perna esquerda'),(102,102,40,'PACIENTE COM QUEDA DE HEMÁCIAS','Ultrassom da tireóide'),(103,103,94,'Paciente com infecção bacteriana','Recomendação da relização de exames de sangue de rotina'),(104,104,36,'FEBRE AMARELA','Recomendação da relização de exames de sangue de rotina'),(105,105,86,'H3N2','Repouso e uso de passiflora'),(107,107,53,'FEBRE AMARELA','Afastamento de atividades laborais por 5 dias'),(108,108,66,'PACIENTE SAUDÁVEL','Ingestão de 2,5L mínimos de água diariamente'),(109,109,13,'PACIENTE COM TAXAS DENTRO DO ACEITÁVEL','Raio-x da perna esquerda'),(110,110,1,'PACIENTE COM QUADRO DE FATURA NO ANTEBRAÇO','Ultrassom da panturrilha direta'),(112,112,13,'NENHUMA OBSERVAÇÃO','Raio-x facial'),(112,112,30,'HIPOGLICEMIA','Uso de Enterogermina. Seguir rotina proposta na bula do medicamento'),(112,112,46,'ZIKA VÍRUS','Ultrassom da região do estômago'),(112,112,90,'PACIENTE COM QUEDA DE HEMÁCIAS','Raio-x facial'),(112,112,99,'PACIENTE SAUDÁVEL. TAXAS DENTRO DOS NÍVEIS NORMAIS','Sem prescrições'),(113,113,25,'Paciente com infecção bacteriana','Alimentação rica em vitamina K'),(113,113,44,'PACIENTE EM TRATAMENTO','Repouso absoluto e ingestão de alimentos pastosos'),(113,113,55,'PACIENTE DIAGNOSTICADO COM TUMOR BENIGNO','Ingestão de alimentos sem corantes artificiais'),(113,113,77,'Paciente com incômodo intestinal','Uso de Enterogermina. Seguir rotina proposta na bula do medicamento'),(113,113,94,'PACIENTE DIAGNOSTICADO COM TUMOR BENIGNO','Realização de teste de COVID-19'),(113,113,99,'Paciente iniciando tratamento com antibióticos','Ingestão de frutas ricas em fibras'),(114,114,2,'Paciente com incômodo intestinal','Soro fisiológico'),(114,114,62,'H3N2','Ingestão de frutas ricas em fibras'),(115,115,29,'PACIENTE COM QUEDA DE HEMÁCIAS','Ibuprofeno de 8 em 8h'),(116,116,69,'AUMENTO DO RITMO CARDÍACO','Ultrassom da tireóide'),(116,116,78,'HIPOGLICEMIA','Uso de Enterogermina. Seguir rotina proposta na bula do medicamento');
/*!40000 ALTER TABLE `Registro` ENABLE KEYS */;
UNLOCK TABLES;
SET @@SESSION.SQL_LOG_BIN = @MYSQLDUMP_TEMP_LOG_BIN;
/*!40103 SET TIME_ZONE=@OLD_TIME_ZONE */;

/*!40101 SET SQL_MODE=@OLD_SQL_MODE */;
/*!40014 SET FOREIGN_KEY_CHECKS=@OLD_FOREIGN_KEY_CHECKS */;
/*!40014 SET UNIQUE_CHECKS=@OLD_UNIQUE_CHECKS */;
/*!40101 SET CHARACTER_SET_CLIENT=@OLD_CHARACTER_SET_CLIENT */;
/*!40101 SET CHARACTER_SET_RESULTS=@OLD_CHARACTER_SET_RESULTS */;
/*!40101 SET COLLATION_CONNECTION=@OLD_COLLATION_CONNECTION */;
/*!40111 SET SQL_NOTES=@OLD_SQL_NOTES */;

-- Dump completed on 2022-12-12 18:10:52
